trust,period_end,co_monthly,entry,progression,conversion,identity,identity_error,delinq_30plus_share,delinq_90plus_share,gross_co_rate
amex,2018-12-31,0.0013230246575342466,0.00837279,0.4464831913854283,0.35390983025330874,0.0013230246575342468,2.168404344971009e-19,0.00837279,0.00373831,0.015885
amex,2019-01-31,0.0013762454794520548,0.0089975,0.47237121422617395,0.3238102752489447,0.0013762454794520548,0.0,0.0089975,0.00425016,0.016524
amex,2019-02-28,0.0016693347945205478,0.00979268,0.4860048526041901,0.35075290526959857,0.0016693347945205478,0.0,0.00979268,0.00475929,0.020043
amex,2019-03-31,0.0017934334246575343,0.00948154,0.48396990362325104,0.39083011708069126,0.0017934334246575343,0.0,0.00948154,0.00458878,0.021533
amex,2019-04-30,0.001778191780821918,0.00920081,0.5035013221662006,0.3838414937598849,0.0017781917808219181,2.168404344971009e-19,0.00920081,0.00463262,0.02135
amex,2019-05-31,0.0017839386301369863,0.00903075,0.5106796224012402,0.3868187895748287,0.0017839386301369863,0.0,0.00903075,0.00461182,0.021419
amex,2019-06-30,0.001709812602739726,0.00922431,0.490749985635782,0.3777063867518166,0.001709812602739726,0.0,0.00922431,0.00452683,0.020529
amex,2019-07-31,0.001706314520547945,0.00958007,0.4746458011267141,0.37525005180133997,0.001706314520547945,0.0,0.00958007,0.00454714,0.020487
amex,2019-08-31,0.001823916712328767,0.00962773,0.47252675345070955,0.4009172086466596,0.001823916712328767,0.0,0.00962773,0.00454936,0.021899
amex,2019-09-30,0.0017037326027397259,0.01022751,0.4753023952066534,0.35047861060728835,0.0017037326027397259,0.0,0.01022751,0.00486116,0.020456
amex,2019-10-31,0.0017560372602739725,0.01047511,0.47627471215099415,0.35197969550673625,0.0017560372602739723,2.168404344971009e-19,0.01047511,0.00498903,0.021084
amex,2019-11-30,0.0018396580821917808,0.0105359,0.4894769312540931,0.3567247516408085,0.0018396580821917806,2.168404344971009e-19,0.0105359,0.00515708,0.022088
amex,2019-12-31,0.0018290805479452056,0.01011475,0.4983899750364566,0.3628343370075134,0.0018290805479452056,0.0,0.01011475,0.00504109,0.021961
amex,2020-01-31,0.0017873534246575342,0.01036289,0.5069319465901887,0.34023570505618095,0.0017873534246575342,0.0,0.01036289,0.00525328,0.02146
amex,2020-02-29,0.0021408263013698633,0.01048611,0.5026659075672485,0.4061510604931244,0.0021408263013698637,4.336808689942018e-19,0.01048611,0.00527101,0.025704
amex,2020-03-31,0.002180138082191781,0.01099166,0.4896366881799473,0.4050855609506981,0.002180138082191781,0.0,0.01099166,0.00538192,0.026176
amex,2020-04-30,0.002275752328767123,0.01166074,0.5015573625687564,0.3891152697801196,0.002275752328767123,0.0,0.01166074,0.00584853,0.027324
amex,2020-05-31,0.002246684931506849,0.01127828,0.5023008827587185,0.3965841551514361,0.002246684931506849,0.0,0.01127828,0.00566509,0.026975
amex,2020-06-30,0.0021025139726027395,0.01075249,0.49423807880779247,0.3956340306236091,0.0021025139726027395,0.0,0.01075249,0.00531429,0.025244
amex,2020-07-31,0.002165979178082192,0.00969982,0.5197704699674839,0.42961456857281544,0.0021659791780821915,4.336808689942018e-19,0.00969982,0.00504168,0.026006
amex,2020-08-31,0.0020600372602739723,0.00858497,0.5486973163563763,0.43732414691999283,0.0020600372602739723,0.0,0.00858497,0.00471055,0.024734
amex,2020-09-30,0.0017975978082191782,0.00794951,0.5622484907874825,0.40218315021907514,0.0017975978082191782,0.0,0.00794951,0.0044696,0.021583
amex,2020-10-31,0.0019030400000000002,0.00723265,0.5455953212169813,0.48225843237627025,0.0019030400000000002,0.0,0.00723265,0.0039461,0.022849
amex,2020-11-30,0.0018832175342465753,0.00669801,0.5140855268953017,0.5469143520834581,0.0018832175342465753,0.0,0.00669801,0.00344335,0.022611
amex,2020-12-31,0.0015830487671232875,0.00628803,0.49017100745384484,0.5136083417818018,0.0015830487671232875,0.0,0.00628803,0.00308221,0.019007
amex,2021-01-31,0.0014987616438356165,0.0063505,0.5005952287221478,0.4714525008683833,0.0014987616438356165,0.0,0.0063505,0.00317903,0.017995
amex,2021-02-28,0.0016838268493150684,0.00627958,0.5085180856044513,0.5273032271880538,0.0016838268493150686,2.168404344971009e-19,0.00627958,0.00319328,0.020217
amex,2021-03-31,0.0015121709589041095,0.00560857,0.5096753717970891,0.5289993034594845,0.0015121709589041095,0.0,0.00560857,0.00285855,0.018156
amex,2021-04-30,0.0014228865753424657,0.00498648,0.5249534741942212,0.5435698828891593,0.0014228865753424659,2.168404344971009e-19,0.00498648,0.00261767,0.017084
amex,2021-05-31,0.001289626301369863,0.00441924,0.5287311845475693,0.551926654385178,0.001289626301369863,0.0,0.00441924,0.00233659,0.015484
amex,2021-06-30,0.0011730235616438356,0.00419566,0.4951092319206037,0.5646839237493853,0.0011730235616438356,0.0,0.00419566,0.00207731,0.014084
amex,2021-07-31,0.0011171375342465752,0.00424077,0.4584568368480253,0.5745971547551835,0.0011171375342465752,0.0,0.00424077,0.00194421,0.013413
amex,2021-08-31,0.000994454794520548,0.00433218,0.4313117183496531,0.5322152262328196,0.000994454794520548,0.0,0.00433218,0.00186852,0.01194
amex,2021-09-30,0.0009831276712328767,0.00466343,0.4341632660938408,0.48556948038113323,0.0009831276712328767,0.0,0.00466343,0.00202469,0.011804
amex,2021-10-31,0.001012778082191781,0.00465415,0.42375729187929057,0.513519255964964,0.001012778082191781,0.0,0.00465415,0.00197223,0.01216
amex,2021-11-30,0.000980878904109589,0.00474161,0.4407616822134253,0.4693380149046801,0.000980878904109589,0.0,0.00474161,0.00208992,0.011777
amex,2021-12-31,0.0010020339726027397,0.00473255,0.45015477913598373,0.47035457176782536,0.0010020339726027397,0.0,0.00473255,0.00213038,0.012031
amex,2022-01-31,0.0009339879452054795,0.00501992,0.46412094216640903,0.4008790030282977,0.0009339879452054795,0.0,0.00501992,0.00232985,0.011214
amex,2022-02-28,0.0011605304109589042,0.00529483,0.4533573315857166,0.4834636884579575,0.0011605304109589042,0.0,0.00529483,0.00240045,0.013934
amex,2022-03-31,0.0011652778082191782,0.00496884,0.44723919466112816,0.5243660994749391,0.0011652778082191782,0.0,0.00496884,0.00222226,0.013991
amex,2022-04-30,0.0011150553424657535,0.00469873,0.4688224264854546,0.5061829987542403,0.0011150553424657535,0.0,0.00469873,0.00220287,0.013388
amex,2022-05-31,0.0010380142465753425,0.00454192,0.48239070701377396,0.47376710265513267,0.0010380142465753425,0.0,0.00454192,0.00219098,0.012463
amex,2022-06-30,0.0009631386301369862,0.00456167,0.46722581861467394,0.4518955910802111,0.0009631386301369863,1.0842021724855044e-19,0.00456167,0.00213133,0.011564
amex,2022-07-31,0.0009617227397260274,0.00464118,0.45234401596145807,0.4580919114065511,0.0009617227397260274,0.0,0.00464118,0.00209941,0.011547
amex,2022-08-31,0.0009559758904109589,0.00476186,0.44018933777977515,0.4560692567271716,0.0009559758904109589,0.0,0.00476186,0.00209612,0.011478
amex,2022-09-30,0.0009682191780821918,0.00521743,0.42329844386987464,0.4383998306938061,0.0009682191780821917,1.0842021724855044e-19,0.00521743,0.00220853,0.011625
amex,2022-10-31,0.0009588076712328767,0.00543511,0.42399509853526424,0.4160660941100634,0.0009588076712328767,0.0,0.00543511,0.00230446,0.011512
amex,2022-11-30,0.0010732449315068492,0.00557367,0.4272176142469863,0.45072167527175677,0.0010732449315068492,0.0,0.00557367,0.00238117,0.012886
amex,2022-12-31,0.0010007013698630136,0.00577299,0.43608078309506854,0.3974996404605435,0.0010007013698630136,0.0,0.00577299,0.00251749,0.012015
amex,2023-01-31,0.001199758904109589,0.00615213,0.4433147544021339,0.4399023602239513,0.001199758904109589,0.0,0.00615213,0.00272733,0.014405
amex,2023-02-28,0.0012565610958904109,0.0066302,0.4458930349009079,0.42503656384554345,0.0012565610958904109,0.0,0.0066302,0.00295636,0.015087
amex,2023-03-31,0.001391653698630137,0.00645178,0.4561252863550834,0.47289800213065597,0.001391653698630137,0.0,0.00645178,0.00294282,0.016709
amex,2023-04-30,0.0012478991780821918,0.00633465,0.4646491913523242,0.42396664325223354,0.0012478991780821918,0.0,0.00633465,0.00294339,0.014983
amex,2023-05-31,0.0012840460273972603,0.00627142,0.4733074806024792,0.4325848807561408,0.0012840460273972603,0.0,0.00627142,0.00296831,0.015417
amex,2023-06-30,0.0013690827397260274,0.00643488,0.4558841812123925,0.46669668925333974,0.0013690827397260274,0.0,0.00643488,0.00293356,0.016438
amex,2023-07-31,0.0013717479452054794,0.00667609,0.43812171495590985,0.4689832766502832,0.0013717479452054794,0.0,0.00667609,0.00292494,0.01647
amex,2023-08-31,0.0013595046575342465,0.00685499,0.4313602208026562,0.45976274954911495,0.0013595046575342465,0.0,0.00685499,0.00295697,0.016323
amex,2023-09-30,0.0013843243835616437,0.00732365,0.4435165525386931,0.42618725172455907,0.0013843243835616437,0.0,0.00732365,0.00324816,0.016621
amex,2023-10-31,0.001384907397260274,0.0076757,0.44140338991883477,0.4087587652181395,0.001384907397260274,0.0,0.0076757,0.00338808,0.016628
amex,2023-11-30,0.0013509260273972601,0.0079038,0.4493408234014018,0.38038181821688305,0.0013509260273972601,0.0,0.0079038,0.0035515,0.01622
amex,2023-12-31,0.001627357808219178,0.00769795,0.45420144324138245,0.46543544774917717,0.001627357808219178,0.0,0.00769795,0.00349642,0.019539
amex,2024-01-31,0.0014817709589041096,0.00821495,0.46426941125630705,0.3885134726213269,0.0014817709589041096,0.0,0.00821495,0.00381395,0.017791
amex,2024-02-29,0.0018720569863013698,0.00819471,0.4660640828046387,0.4901622267929834,0.0018720569863013698,0.0,0.00819471,0.00381926,0.022477
amex,2024-03-31,0.0015977073972602738,0.00806411,0.4586222162148086,0.4320019568730833,0.0015977073972602738,0.0,0.00806411,0.00369838,0.019183
amex,2024-04-30,0.0018311627397260273,0.0078429,0.46341914342908874,0.5038210341654475,0.0018311627397260273,0.0,0.0078429,0.00363455,0.021986
amex,2024-05-31,0.0016560087671232877,0.0076223,0.4766553402516301,0.45579770151554344,0.0016560087671232877,0.0,0.0076223,0.00363321,0.019883
amex,2024-06-30,0.0016634213698630137,0.007586,0.46855127867123647,0.46798540690434576,0.0016634213698630137,0.0,0.007586,0.00355443,0.019972
amex,2024-07-31,0.0014911824657534245,0.00779482,0.4580747214175568,0.41762681047591993,0.0014911824657534245,0.0,0.00779482,0.00357061,0.017904
amex,2024-08-31,0.001640850410958904,0.00785336,0.4506084020088217,0.4636755532142071,0.001640850410958904,0.0,0.00785336,0.00353879,0.019701
amex,2024-09-30,0.0016053698630136986,0.00829314,0.4361327555063583,0.4438512053143978,0.0016053698630136986,0.0,0.00829314,0.00361691,0.019275
amex,2024-10-31,0.0017156427397260273,0.00826967,0.4422316730897363,0.46912527644124113,0.0017156427397260273,0.0,0.00826967,0.00365711,0.020599
amex,2024-11-30,0.0015520657534246573,0.00829167,0.45770273057176664,0.4089635514620506,0.0015520657534246573,0.0,0.00829167,0.00379512,0.018635
amex,2024-12-31,0.0015172515068493152,0.00811369,0.47692480240186647,0.3920931530355216,0.0015172515068493152,0.0,0.00811369,0.00386962,0.018217
amex,2025-01-31,0.0017715287671232877,0.00827315,0.4828547772009453,0.4434664588403441,0.0017715287671232877,0.0,0.00827315,0.00399473,0.02127
amex,2025-02-28,0.0020897709589041092,0.00831496,0.48598910878705365,0.5171445933669826,0.0020897709589041092,0.0,0.00831496,0.00404098,0.025091
amex,2025-03-31,0.001823916712328767,0.0080975,0.44758629206545225,0.5032424509712877,0.0018239167123287672,2.168404344971009e-19,0.0080975,0.00362433,0.021899
amex,2025-04-30,0.00164826301369863,0.0079642,0.4468483965746717,0.46315264842787296,0.00164826301369863,0.0,0.0079642,0.00355879,0.01979
amex,2025-05-31,0.0016218608219178083,0.00784518,0.4630486489793733,0.44646153602494243,0.0016218608219178083,0.0,0.00784518,0.0036327,0.019473
amex,2025-06-30,0.0017103123287671234,0.00780705,0.45556388136363923,0.4808827306809359,0.0017103123287671234,0.0,0.00780705,0.00355661,0.020535
amex,2025-07-31,0.0015203331506849313,0.00788666,0.45759041216433827,0.42127795223004805,0.0015203331506849313,0.0,0.00788666,0.00360886,0.018254
amex,2025-08-31,0.0016305227397260275,0.00765018,0.45875391167266655,0.4645959566685266,0.0016305227397260275,0.0,0.00765018,0.00350955,0.019577
amex,2025-09-30,0.0016528438356164384,0.00789581,0.46064684940493755,0.4544300352516066,0.0016528438356164384,0.0,0.00789581,0.00363718,0.019845
amex,2025-10-31,0.001732716712328767,0.007783,0.4442490042400103,0.5011342328988593,0.0017327167123287667,2.168404344971009e-19,0.007783,0.00345759,0.020804
amex,2025-11-30,0.0015522323287671233,0.00757676,0.4521695289279322,0.45307687983208406,0.0015522323287671233,0.0,0.00757676,0.00342598,0.018637
amex,2025-12-31,0.0015482345205479454,0.00738381,0.4519672093404353,0.4639266341491608,0.0015482345205479454,0.0,0.00738381,0.00333724,0.018589
amex,2026-01-31,0.0015189172602739726,0.00762913,0.46356792976394423,0.42948274348784227,0.0015189172602739726,0.0,0.00762913,0.00353662,0.018237
amex,2026-02-28,0.0016847430136986302,0.00791404,0.479602074288227,0.4438685457856697,0.0016847430136986302,0.0,0.00791404,0.00379559,0.020228
amex,2026-03-31,0.0016579243835616439,0.00752275,0.47315409923232865,0.465784982823506,0.0016579243835616439,0.0,0.00752275,0.00355942,0.019906
amex,2026-04-30,0.001773944109589041,0.00699581,0.4777574005011571,0.5307555005801516,0.0017739441095890407,2.168404344971009e-19,0.00699581,0.0033423,0.021299
amex,2026-05-31,0.001628690410958904,0.00669223,0.470488910273556,0.5172711889522724,0.001628690410958904,0.0,0.00669223,0.00314862,0.019555
amex,2026-06-30,0.0014847693150684931,0.00665926,0.4571724185570168,0.4877002641113421,0.0014847693150684931,0.0,0.00665926,0.00304443,0.017827
amex,2026-07-31,0.001552482191780822,0.00654288,0.4556143471987871,0.5207871748291101,0.001552482191780822,0.0,0.00654288,0.00298103,0.01864
bofa,2018-12-31,0.002575,0.01679904,0.49512650722898444,0.3095826345181632,0.002575,0.0,0.01679904,0.00831765,0.0309
bofa,2018-12-31,0.002575,0.01679904,0.49512650722898444,0.3095826345181632,0.002575,0.0,0.01679904,0.00831765,0.0309
bofa,2019-01-31,0.0026583333333333333,0.01690191,0.5105724737618412,0.3080464831520784,0.0026583333333333337,4.336808689942018e-19,0.01690191,0.00862965,0.0319
bofa,2019-02-28,0.0026333333333333334,0.01696417,0.5130507416513745,0.30256096794998477,0.0026333333333333334,0.0,0.01696417,0.00870348,0.0316
bofa,2019-03-31,0.002825,0.0167485,0.5094390542436635,0.3310932288211675,0.0028249999999999994,4.336808689942018e-19,0.0167485,0.00853234,0.0339
bofa,2019-04-30,0.002825,0.01618763,0.4992522067776444,0.3495547353221038,0.002825,0.0,0.01618763,0.00808171,0.0339
bofa,2019-05-31,0.0028083333333333333,0.01555818,0.5162866093591923,0.3496222005325047,0.0028083333333333333,0.0,0.01555818,0.00803248,0.0337
bofa,2019-06-30,0.002675,0.0156422,0.5022701410287556,0.3404776360287707,0.002675,0.0,0.0156422,0.00785661,0.0321
bofa,2019-07-31,0.0025083333333333333,0.01573793,0.4915690945378458,0.3242299055015244,0.0025083333333333333,0.0,0.01573793,0.00773628,0.0301
bofa,2019-08-31,0.002675,0.01557965,0.4914166877946552,0.3493946003840075,0.002675,0.0,0.01557965,0.0076561,0.0321
bofa,2019-09-30,0.0025583333333333335,0.01592306,0.4882748667655589,0.32905328262268546,0.0025583333333333335,0.0,0.01592306,0.00777483,0.0307
bofa,2019-10-31,0.002466666666666667,0.01623126,0.49168209984930317,0.3090820846834791,0.002466666666666667,0.0,0.01623126,0.00798062,0.0296
bofa,2019-11-30,0.0026083333333333336,0.01625503,0.4942691585312362,0.32464730648531226,0.0026083333333333336,0.0,0.01625503,0.00803436,0.0313
bofa,2019-12-31,0.002533333333333333,0.01604564,0.5008326249373662,0.31524098929259087,0.002533333333333333,0.0,0.01604564,0.00803618,0.0304
bofa,2020-01-31,0.002533333333333333,0.01608561,0.5129466647519118,0.30703125820601634,0.002533333333333333,0.0,0.01608561,0.00825106,0.0304
bofa,2020-02-29,0.0025666666666666667,0.01576425,0.5231799800180789,0.311203906457764,0.0025666666666666667,0.0,0.01576425,0.00824754,0.0308
bofa,2020-03-31,0.002766666666666667,0.01581197,0.5033294396586889,0.34763102024678455,0.002766666666666667,0.0,0.01581197,0.00795863,0.0332
bofa,2020-04-30,0.0027916666666666667,0.01551611,0.488043717143021,0.3686565758208826,0.0027916666666666667,0.0,0.01551611,0.00757254,0.0335
bofa,2020-05-31,0.0025416666666666665,0.01462273,0.4964161958813436,0.3501419854451142,0.0025416666666666665,0.0,0.01462273,0.00725896,0.0305
bofa,2020-05-31,0.0025416666666666665,0.01462273,0.4964161958813436,0.3501419854451142,0.0025416666666666665,0.0,0.01462273,0.00725896,0.0305
bofa,2020-06-30,0.0023166666666666665,0.01300138,0.5323373364981256,0.33472424501622083,0.0023166666666666665,0.0,0.01300138,0.00692112,0.0278
bofa,2020-07-31,0.0023083333333333332,0.0115999,0.5535651169406632,0.35948068667299976,0.0023083333333333332,0.0,0.0115999,0.0064213,0.0277
bofa,2020-08-31,0.0022666666666666664,0.01083706,0.5169926160785304,0.40456828993743466,0.0022666666666666664,0.0,0.01083706,0.00560268,0.0272
bofa,2020-09-30,0.0021416666666666667,0.01199614,0.4274549980243645,0.41765718048575645,0.0021416666666666667,0.0,0.01199614,0.00512781,0.0257
bofa,2020-10-31,0.0022333333333333333,0.013572,0.3693081343943413,0.4455750078973182,0.0022333333333333333,0.0,0.013572,0.00501225,0.0268
bofa,2020-11-30,0.0017749999999999999,0.01462093,0.4302455452560131,0.28216749144356884,0.0017749999999999999,0.0,0.01462093,0.00629059,0.0213
bofa,2020-12-31,0.0019333333333333331,0.01499118,0.5149521251829409,0.2504402134441488,0.0019333333333333331,0.0,0.01499118,0.00771974,0.0232
bofa,2021-01-31,0.0020166666666666666,0.0155469,0.5522805189458991,0.23487164555733486,0.0020166666666666666,0.0,0.0155469,0.00858625,0.0242
bofa,2021-02-28,0.0027333333333333337,0.0150385,0.5620321175649168,0.32339026579524827,0.002733333333333334,4.336808689942018e-19,0.0150385,0.00845212,0.0328
bofa,2021-03-31,0.0032916666666666667,0.01306292,0.5476815290915048,0.4600949729207901,0.003291666666666667,4.336808689942018e-19,0.01306292,0.00715432,0.0395
bofa,2021-04-30,0.0026,0.01172759,0.5518644495586903,0.4017280486523569,0.0026,0.0,0.01172759,0.00647204,0.0312
bofa,2021-05-31,0.002375,0.01031493,0.5515083476087574,0.4174891936218198,0.002375,0.0,0.01031493,0.00568877,0.0285
bofa,2021-06-30,0.002108333333333333,0.00967038,0.5391039442090177,0.40441124755594937,0.002108333333333333,0.0,0.00967038,0.00521334,0.0253
bofa,2021-07-31,0.0019916666666666668,0.00922733,0.505030165822616,0.4273889432513319,0.0019916666666666663,4.336808689942018e-19,0.00922733,0.00466008,0.0239
bofa,2021-08-31,0.0018666666666666666,0.00895128,0.48474743276939164,0.4301957467468367,0.0018666666666666666,0.0,0.00895128,0.00433911,0.0224
bofa,2021-09-30,0.0017333333333333333,0.00903544,0.47482579708348455,0.40401591822717814,0.0017333333333333333,0.0,0.00903544,0.00429026,0.0208
bofa,2021-10-31,0.0016083333333333334,0.00930939,0.46431828508634826,0.3720823346874817,0.0016083333333333334,0.0,0.00930939,0.00432252,0.0193
bofa,2021-11-30,0.0016916666666666666,0.0091887,0.4655816383166281,0.39542568451497434,0.0016916666666666666,0.0,0.0091887,0.00427809,0.0203
bofa,2021-12-31,0.00175,0.0089,0.4738011235955057,0.41500368760419554,0.00175,0.0,0.0089,0.00421683,0.021
bofa,2022-01-31,0.0015999999999999999,0.00932852,0.4808951473545643,0.35666200033882883,0.0015999999999999999,0.0,0.00932852,0.00448604,0.0192
bofa,2022-02-28,0.0016666666666666668,0.00953882,0.4775527790649158,0.3658749863711568,0.0016666666666666668,0.0,0.00953882,0.00455529,0.02
bofa,2022-03-31,0.001875,0.00926375,0.4678753204695723,0.4325978017110108,0.0018750000000000001,2.168404344971009e-19,0.00926375,0.00433428,0.0225
bofa,2022-04-30,0.001875,0.0087794,0.47651889650773405,0.44818395859975374,0.001875,0.0,0.0087794,0.00418355,0.0225
bofa,2022-05-31,0.0017749999999999999,0.00839807,0.4958484508940744,0.426255412243016,0.0017749999999999999,0.0,0.00839807,0.00416417,0.0213
bofa,2022-06-30,0.0015583333333333334,0.00842787,0.4937095612533179,0.37451653320259304,0.0015583333333333334,0.0,0.00842787,0.00416092,0.0187
bofa,2022-07-31,0.001575,0.00854483,0.4803594688250088,0.3837167658645565,0.001575,0.0,0.00854483,0.00410459,0.0189
bofa,2022-08-31,0.0015583333333333334,0.00876386,0.46333236724457033,0.38377111972509675,0.0015583333333333334,0.0,0.00876386,0.00406058,0.0187
bofa,2022-09-30,0.0015999999999999999,0.00915793,0.4441418530170028,0.3933697528162815,0.0015999999999999999,0.0,0.00915793,0.00406742,0.0192
bofa,2022-10-31,0.001625,0.00976126,0.42816910931580554,0.3888052791382639,0.001625,0.0,0.00976126,0.00417947,0.0195
bofa,2022-11-30,0.0015333333333333334,0.01015475,0.4393175607474334,0.3437073167815845,0.0015333333333333334,0.0,0.01015475,0.00446116,0.0184
bofa,2022-12-31,0.0016083333333333334,0.01033427,0.4683649643371037,0.332285858120481,0.0016083333333333334,0.0,0.01033427,0.00484021,0.0193
bofa,2023-01-31,0.0016583333333333335,0.01090463,0.4763802164768543,0.3192325585126009,0.0016583333333333335,0.0,0.01090463,0.00519475,0.0199
bofa,2023-02-28,0.0017166666666666667,0.0114456,0.47335919479974836,0.31685210205221725,0.0017166666666666667,0.0,0.0114456,0.00541788,0.0206
bofa,2023-03-31,0.002075,0.01152762,0.47032952161851277,0.38271563951322257,0.002075,0.0,0.01152762,0.00542178,0.0249
bofa,2023-04-30,0.001958333333333333,0.01167924,0.4643444265209037,0.3611035817172796,0.001958333333333333,0.0,0.01167924,0.00542319,0.0235
bofa,2023-05-31,0.0020166666666666666,0.01153102,0.4827291948153763,0.36229540789073406,0.0020166666666666666,0.0,0.01153102,0.00556636,0.0242
bofa,2023-06-30,0.0019500000000000001,0.0120295,0.47973980630948915,0.33789462193057396,0.0019500000000000001,0.0,0.0120295,0.00577103,0.0234
bofa,2023-07-31,0.0019166666666666666,0.01242227,0.4791121107494846,0.3220390053643297,0.0019166666666666668,2.168404344971009e-19,0.01242227,0.00595166,0.023
bofa,2023-08-31,0.0021666666666666666,0.01257501,0.47647755349697535,0.36161073661219695,0.0021666666666666666,0.0,0.01257501,0.00599171,0.026
bofa,2023-09-30,0.002108333333333333,0.01304058,0.4732013453389343,0.3416617780673125,0.002108333333333333,0.0,0.01304058,0.00617082,0.0253
bofa,2023-10-31,0.00205,0.01373817,0.4647875226467572,0.32104840313656463,0.00205,0.0,0.01373817,0.00638533,0.0246
bofa,2023-11-30,0.0021833333333333336,0.01406632,0.4701378896541526,0.3301522783279476,0.0021833333333333336,0.0,0.01406632,0.00661311,0.0262
bofa,2023-12-31,0.002191666666666667,0.01422968,0.49766965947231423,0.30948400191291714,0.002191666666666667,0.0,0.01422968,0.00708168,0.0263
bofa,2024-01-31,0.0021666666666666666,0.01353814,0.4932258050219602,0.32447953482613884,0.0021666666666666666,0.0,0.01353814,0.00667736,0.026
bofa,2024-02-29,0.0019833333333333335,0.01391184,0.5032677201577936,0.28327748720014245,0.0019833333333333335,0.0,0.01391184,0.00700138,0.0238
bofa,2024-03-31,0.0023833333333333332,0.01406023,0.5047812162389946,0.3358065603921093,0.0023833333333333332,0.0,0.01406023,0.00709734,0.0286
bofa,2024-04-30,0.002416666666666667,0.01393641,0.49956983182900044,0.3471120041864102,0.002416666666666667,0.0,0.01393641,0.00696221,0.029
bofa,2024-05-31,0.002408333333333333,0.01376623,0.514355055814119,0.34012500594336076,0.0024083333333333326,4.336808689942018e-19,0.01376623,0.00708073,0.0289
bofa,2024-06-30,0.0024,0.01405901,0.5095728646611675,0.33500416661432225,0.0024000000000000002,4.336808689942018e-19,0.01405901,0.00716409,0.0288
bofa,2024-07-31,0.0023166666666666665,0.01422033,0.5060304507701298,0.32194169288522756,0.0023166666666666665,0.0,0.01422033,0.00719592,0.0278
bofa,2024-08-31,0.0024416666666666666,0.01432082,0.50087285504601,0.34040112962056773,0.0024416666666666666,0.0,0.01432082,0.00717291,0.0293
bofa,2024-09-30,0.002408333333333333,0.01478083,0.4910800002435587,0.33179170736568403,0.002408333333333333,0.0,0.01478083,0.00725857,0.0289
bofa,2024-10-31,0.0023833333333333332,0.01522975,0.48704870401680916,0.32130658085309366,0.0023833333333333332,0.0,0.01522975,0.00741763,0.0286
bofa,2024-11-30,0.002575,0.01506464,0.4950878348237993,0.3452520138583488,0.002575,0.0,0.01506464,0.00745832,0.0309
bofa,2024-12-31,0.002458333333333333,0.01463511,0.5132622850118653,0.3272694192798298,0.002458333333333333,0.0,0.01463511,0.00751165,0.0295
bofa,2025-01-31,0.002416666666666667,0.01484328,0.5277297201157696,0.30851431421310554,0.002416666666666667,0.0,0.01484328,0.00783324,0.029
bofa,2025-02-28,0.0024333333333333334,0.01505271,0.5290004258369423,0.30558419535285974,0.0024333333333333334,0.0,0.01505271,0.00796289,0.0292
bofa,2025-03-31,0.0027416666666666666,0.01466648,0.5203027583987432,0.35927965848120585,0.0027416666666666666,0.0,0.01466648,0.00763101,0.0329
bofa,2025-04-30,0.0026999999999999997,0.01415251,0.4961353145131146,0.384529933519047,0.0026999999999999997,0.0,0.01415251,0.00702156,0.0324
bofa,2025-05-31,0.00245,0.01367044,0.5214696820292544,0.3436802118753437,0.0024500000000000004,4.336808689942018e-19,0.01367044,0.00712872,0.0294
bofa,2025-06-30,0.002275,0.01384654,0.5279629423668296,0.3111979273534087,0.002275,0.0,0.01384654,0.00731046,0.0273
bofa,2025-07-31,0.0023083333333333332,0.01374037,0.5245186264998687,0.32028690306383906,0.0023083333333333337,4.336808689942018e-19,0.01374037,0.00720708,0.0277
bofa,2025-08-31,0.002458333333333333,0.01356236,0.5128458468880047,0.3534424092551591,0.0024583333333333336,4.336808689942018e-19,0.01356236,0.0069554,0.0295
bofa,2025-09-30,0.002533333333333333,0.01342268,0.4974788939317633,0.37938350180955943,0.002533333333333333,0.0,0.01342268,0.0066775,0.0304
bofa,2025-10-31,0.0022166666666666667,0.01384108,0.4906604108927916,0.32639943142691524,0.0022166666666666667,0.0,0.01384108,0.00679127,0.0266
bofa,2025-11-30,0.0022916666666666667,0.01398709,0.482365524208395,0.3396626692693473,0.0022916666666666667,0.0,0.01398709,0.00674689,0.0275
bofa,2025-12-31,0.0022416666666666665,0.01367269,0.5057007801683502,0.32420778802547573,0.0022416666666666665,0.0,0.01367269,0.00691429,0.0269
bofa,2026-01-31,0.0023333333333333335,0.01393762,0.5204295998886467,0.3216815674164145,0.002333333333333333,4.336808689942018e-19,0.01393762,0.00725355,0.028
bofa,2026-02-28,0.0023083333333333332,0.01430886,0.5085653224645429,0.31720990867561083,0.002308333333333333,4.336808689942018e-19,0.01430886,0.00727699,0.0277
bofa,2026-03-31,0.0025416666666666665,0.01380406,0.5057635217465006,0.36405269668752627,0.0025416666666666665,0.0,0.01380406,0.00698159,0.0305
bofa,2026-04-30,0.0024916666666666668,0.01318144,0.5167151692076131,0.36582709959061627,0.0024916666666666668,0.0,0.01318144,0.00681105,0.0299
bofa,2026-05-31,0.0022833333333333334,0.01298398,0.5293107352291054,0.33223912680767187,0.0022833333333333334,0.0,0.01298398,0.00687256,0.0274
bofa,2026-06-30,0.0023333333333333335,0.01281611,0.5147006384932714,0.35372507880489434,0.0023333333333333335,0.0,0.01281611,0.00659646,0.028
bofa,2026-07-31,0.0022833333333333334,0.01264362,0.49925496020918064,0.3617224748998926,0.0022833333333333334,0.0,0.01264362,0.00631239,0.0274
chase,2018-12-31,0.0021583333333333333,0.01173574,0.4912463977559149,0.37437656905701044,0.0021583333333333333,0.0,0.01173574,0.00576514,0.0259
chase,2019-01-31,0.0021,0.01210854,0.49751167357914333,0.3485974761542726,0.0021,0.0,0.01210854,0.00602414,0.0252
chase,2019-02-28,0.0021166666666666664,0.01250001,0.5017851985718411,0.33746152407190105,0.0021166666666666664,0.0,0.01250001,0.00627232,0.0254
chase,2019-03-31,0.0024,0.01225671,0.49897566312656494,0.39242617482586084,0.0024,0.0,0.01225671,0.0061158,0.0288
chase,2019-04-30,0.00235,0.0118066,0.49389239916656785,0.4030052184888505,0.00235,0.0,0.0118066,0.00583119,0.0282
chase,2019-05-31,0.0022916666666666667,0.01141691,0.5076496179789453,0.3954019498060949,0.0022916666666666667,0.0,0.01141691,0.00579579,0.0275
chase,2019-06-30,0.0022416666666666665,0.01131157,0.5035472529454356,0.3935572483881709,0.0022416666666666665,0.0,0.01131157,0.00569591,0.0269
chase,2019-07-31,0.0021,0.01147786,0.4947647035248731,0.36979383113452746,0.0021,0.0,0.01147786,0.00567884,0.0252
chase,2019-08-31,0.0023083333333333332,0.01144301,0.4827523527463491,0.4178629313039375,0.0023083333333333332,0.0,0.01144301,0.00552414,0.0277
chase,2019-09-30,0.0021833333333333336,0.01168109,0.4826689974993772,0.3872462945554945,0.0021833333333333336,0.0,0.01168109,0.0056381,0.0262
chase,2019-10-31,0.0015333333333333334,0.0115829,0.4859292577851833,0.2724245369227043,0.0015333333333333334,0.0,0.0115829,0.00562847,0.0184
chase,2019-11-30,0.0020583333333333335,0.01170208,0.49084436271158627,0.3583511783515266,0.0020583333333333335,0.0,0.01170208,0.0057439,0.0247
chase,2019-12-31,0.00215,0.01125461,0.49699367636906117,0.38437678221211524,0.00215,0.0,0.01125461,0.00559347,0.0258
chase,2020-01-31,0.0020666666666666667,0.01142667,0.5076159546044473,0.35629972392518167,0.0020666666666666667,0.0,0.01142667,0.00580036,0.0248
chase,2020-02-29,0.0020833333333333333,0.01142715,0.5157795250784316,0.35347339928864185,0.0020833333333333333,0.0,0.01142715,0.00589389,0.025
chase,2020-03-31,0.0023583333333333334,0.0116451,0.4991661728967548,0.4057110351107778,0.0023583333333333334,0.0,0.0116451,0.00581284,0.0283
chase,2020-04-30,0.0023083333333333332,0.01268708,0.466710228043017,0.38984280749871786,0.0023083333333333332,0.0,0.01268708,0.00592119,0.0277
chase,2020-05-31,0.0022833333333333334,0.01196253,0.47756787234807346,0.399678856580056,0.0022833333333333334,0.0,0.01196253,0.00571292,0.0274
chase,2020-06-30,0.0020916666666666666,0.0107269,0.5143685500936898,0.37909131660377676,0.0020916666666666666,0.0,0.0107269,0.00551758,0.0251
chase,2020-07-31,0.0020666666666666667,0.00986699,0.5457733310766505,0.3837721334388088,0.0020666666666666667,0.0,0.00986699,0.00538514,0.0248
chase,2020-08-31,0.0022,0.00945332,0.4933219228800041,0.4717456518988835,0.0022,0.0,0.00945332,0.00466353,0.0264
chase,2020-09-30,0.0019833333333333335,0.00983826,0.44686967004328,0.45112462715876406,0.0019833333333333335,0.0,0.00983826,0.00439642,0.0238
chase,2020-10-31,0.0019833333333333335,0.00995396,0.4580227366796732,0.43502356438568096,0.0019833333333333335,0.0,0.00995396,0.00455914,0.0238
chase,2020-11-30,0.001725,0.01024636,0.5014619825967466,0.33572329394180017,0.001725,0.0,0.01024636,0.00513816,0.0207
chase,2020-12-31,0.0018083333333333335,0.00991944,0.5300722621438307,0.34391906712666237,0.0018083333333333335,0.0,0.00991944,0.00525802,0.0217
chase,2021-01-31,0.0019916666666666668,0.00993112,0.5467993539500077,0.3667671516586776,0.0019916666666666668,0.0,0.00993112,0.00543033,0.0239
chase,2021-02-28,0.0021166666666666664,0.00972517,0.5380337824428777,0.4045253325230085,0.002116666666666667,4.336808689942018e-19,0.00972517,0.00523247,0.0254
chase,2021-03-31,0.0022416666666666665,0.00888732,0.5315775734417124,0.47449710362734515,0.0022416666666666665,0.0,0.00888732,0.0047243,0.0269
chase,2021-04-30,0.0021666666666666666,0.00781569,0.5348497701418556,0.5183140281293009,0.0021666666666666666,0.0,0.00781569,0.00418022,0.026
chase,2021-05-31,0.0019249999999999998,0.00690943,0.5400546788953647,0.5158824806309577,0.0019249999999999996,2.168404344971009e-19,0.00690943,0.00373147,0.0231
chase,2021-06-30,0.0015166666666666668,0.00671116,0.516995571555439,0.43712508118037224,0.0015166666666666666,2.168404344971009e-19,0.00671116,0.00346964,0.0182
chase,2021-07-31,0.001475,0.00642773,0.48884598450775,0.4694208142780308,0.001475,0.0,0.00642773,0.00314217,0.0177
chase,2021-08-31,0.0015083333333333335,0.00619308,0.48033773179096667,0.5070420010062403,0.0015083333333333333,2.168404344971009e-19,0.00619308,0.00297477,0.0181
chase,2021-09-30,0.0012416666666666667,0.00635258,0.46257898365703387,0.42254112260952326,0.0012416666666666667,0.0,0.00635258,0.00293857,0.0149
chase,2021-10-31,0.0012666666666666666,0.00653202,0.4640968643696743,0.41783633350816485,0.0012666666666666666,0.0,0.00653202,0.00303149,0.0152
chase,2021-11-30,0.0012666666666666666,0.00659236,0.46134464744037035,0.41648171590466954,0.0012666666666666666,0.0,0.00659236,0.00304135,0.0152
chase,2021-12-31,0.0011916666666666666,0.00660901,0.46837423456765837,0.3849686694728998,0.0011916666666666666,0.0,0.00660901,0.00309549,0.0143
chase,2022-01-31,0.0012,0.00703081,0.46736151311157603,0.3651934155627174,0.0012,0.0,0.00703081,0.00328593,0.0144
chase,2022-02-28,0.0012416666666666667,0.0072302,0.4793643329368482,0.35825230579839773,0.0012416666666666667,0.0,0.0072302,0.0034659,0.0149
chase,2022-03-31,0.0013499999999999999,0.00708228,0.4860864015543018,0.39214547144600004,0.0013499999999999999,0.0,0.00708228,0.0034426,0.0162
chase,2022-04-30,0.0014166666666666668,0.00703547,0.46822458201086775,0.4300513835511924,0.0014166666666666668,0.0,0.00703547,0.00329418,0.017
chase,2022-05-31,0.0014666666666666667,0.00670286,0.4890061854193583,0.4474627843168362,0.0014666666666666667,0.0,0.00670286,0.00327774,0.0176
chase,2022-06-30,0.0013166666666666667,0.00656069,0.48338665597673414,0.4151754510434568,0.0013166666666666667,0.0,0.00656069,0.00317135,0.0158
chase,2022-07-31,0.0011583333333333333,0.00660921,0.48899641560791685,0.3584085217685475,0.0011583333333333333,0.0,0.00660921,0.00323188,0.0139
chase,2022-08-31,0.0013,0.00657109,0.47296719417935235,0.41828753084870535,0.0013,0.0,0.00657109,0.00310791,0.0156
chase,2022-09-30,0.0012666666666666666,0.00692655,0.4604673322216688,0.3971426630505782,0.0012666666666666666,0.0,0.00692655,0.00318945,0.0152
chase,2022-10-31,0.0012749999999999999,0.00728817,0.44650851997140567,0.39179775246371645,0.0012749999999999999,0.0,0.00728817,0.00325423,0.0153
chase,2022-11-30,0.0013666666666666669,0.00730639,0.4439483794322504,0.4213347473738514,0.0013666666666666669,0.0,0.00730639,0.00324366,0.0164
chase,2022-12-31,0.00125,0.00762124,0.45890694952527417,0.35740427283956266,0.00125,0.0,0.00762124,0.00349744,0.015
chase,2023-01-31,0.0011916666666666666,0.0082878,0.4667028644513622,0.30808819854151476,0.0011916666666666666,0.0,0.0082878,0.00386794,0.0143
chase,2023-02-28,0.0013333333333333333,0.00877651,0.4770313028755166,0.31847108401983754,0.0013333333333333333,0.0,0.00877651,0.00418667,0.016
chase,2023-03-31,0.0016416666666666665,0.00882557,0.48292631524082863,0.3851778857057945,0.0016416666666666665,0.0,0.00882557,0.0042621,0.0197
chase,2023-04-30,0.0015583333333333334,0.00871382,0.4770732009612317,0.3748579749330267,0.0015583333333333332,2.168404344971009e-19,0.00871382,0.00415713,0.0187
chase,2023-05-31,0.0015833333333333333,0.00852105,0.5032278885818062,0.3692449291010868,0.0015833333333333333,0.0,0.00852105,0.00428803,0.019
chase,2023-06-30,0.0015666666666666667,0.00879474,0.487120710788494,0.3656933000319009,0.0015666666666666667,0.0,0.00879474,0.0042841,0.0188
chase,2023-07-31,0.0015083333333333335,0.00893212,0.4953930309937618,0.34087322303353823,0.0015083333333333335,0.0,0.00893212,0.00442491,0.0181
chase,2023-08-31,0.0016416666666666665,0.00895738,0.48839504408655215,0.3752603964273686,0.0016416666666666665,0.0,0.00895738,0.00437474,0.0197
chase,2023-09-30,0.0015333333333333334,0.00945959,0.48716699138123326,0.3327257471862975,0.0015333333333333334,0.0,0.00945959,0.0046084,0.0184
chase,2023-10-31,0.0016166666666666666,0.00977563,0.4767119868489294,0.346912266245508,0.0016166666666666666,0.0,0.00977563,0.00466016,0.0194
chase,2023-11-30,0.0016666666666666668,0.00990895,0.46370907109229537,0.3627233559745252,0.0016666666666666666,2.168404344971009e-19,0.00990895,0.00459487,0.02
chase,2023-12-31,0.0016166666666666666,0.0100057,0.47832235625693353,0.3377943076435539,0.0016166666666666666,0.0,0.0100057,0.00478595,0.0194
chase,2024-01-31,0.0016333333333333332,0.01065677,0.4981640778584881,0.3076641011247948,0.001633333333333333,2.168404344971009e-19,0.01065677,0.00530882,0.0196
chase,2024-02-29,0.0014999999999999998,0.00796709,0.49031578656699,0.38398623793323244,0.0014999999999999998,0.0,0.00796709,0.00390639,0.018
chase,2024-03-31,0.001425,0.00793645,0.4868045536732419,0.3688365471722531,0.001425,0.0,0.00793645,0.0038635,0.0171
chase,2024-04-30,0.0014083333333333333,0.0081248,0.4826211106734935,0.35915876092352683,0.0014083333333333333,0.0,0.0081248,0.0039212,0.0169
chase,2024-05-31,0.0014583333333333334,0.00815217,0.4935422102335942,0.3624593217081238,0.0014583333333333334,0.0,0.00815217,0.00402344,0.0175
chase,2024-06-30,0.0015166666666666668,0.00819663,0.49369191972798576,0.3747993176181215,0.0015166666666666668,0.0,0.00819663,0.00404661,0.0182
chase,2024-07-31,0.001475,0.0083309,0.5071756953030284,0.34909342213323297,0.001475,0.0,0.0083309,0.00422523,0.0177
chase,2024-08-31,0.001575,0.00844346,0.502631622581264,0.37111653059060545,0.001575,0.0,0.00844346,0.00424395,0.0189
chase,2024-09-30,0.001525,0.0087155,0.4912764614766795,0.3561652793737096,0.001525,0.0,0.0087155,0.00428172,0.0183
chase,2024-10-31,0.0015999999999999999,0.00873227,0.4917106319433549,0.3726346433770014,0.0015999999999999999,0.0,0.00873227,0.00429375,0.0192
chase,2024-11-30,0.0015583333333333334,0.00874668,0.5088799407317977,0.35010780324765245,0.0015583333333333334,0.0,0.00874668,0.00445101,0.0187
chase,2024-12-31,0.0015916666666666666,0.00837228,0.5136354732522085,0.3701292157911463,0.0015916666666666666,0.0,0.00837228,0.0043003,0.0191
chase,2025-01-31,0.0015999999999999999,0.00875472,0.515809757479394,0.3543138822393523,0.0015999999999999999,0.0,0.00875472,0.00451577,0.0192
chase,2025-02-28,0.0016333333333333332,0.00908699,0.5057835432855105,0.35537762498957437,0.0016333333333333336,4.336808689942018e-19,0.00908699,0.00459605,0.0196
chase,2025-03-31,0.0018333333333333333,0.00892175,0.49509345139686717,0.41505361738093616,0.001833333333333333,2.168404344971009e-19,0.00892175,0.0044171,0.022
chase,2025-04-30,0.0016666666666666668,0.00886663,0.4816531196181638,0.3902615689139489,0.0016666666666666668,0.0,0.00886663,0.00427064,0.02
chase,2025-05-31,0.0018083333333333335,0.00851447,0.505687376900735,0.4199898118600478,0.0018083333333333335,0.0,0.00851447,0.00430566,0.0217
chase,2025-06-30,0.0017000000000000001,0.00844171,0.5087654041657437,0.39582290417593163,0.0017000000000000001,0.0,0.00844171,0.00429485,0.0204
chase,2025-07-31,0.0015666666666666667,0.00859703,0.4993119716925496,0.3649691717529392,0.0015666666666666667,0.0,0.00859703,0.0042926,0.0188
chase,2025-08-31,0.0017833333333333332,0.00834766,0.4943145743837195,0.43217969627865005,0.0017833333333333332,0.0,0.00834766,0.00412637,0.0214
chase,2025-09-30,0.0017166666666666667,0.00853467,0.4815874544651404,0.4176611462406037,0.0017166666666666667,0.0,0.00853467,0.00411019,0.0206
chase,2025-10-31,0.0014999999999999998,0.00881806,0.4924983499772059,0.34539291898463687,0.0014999999999999998,0.0,0.00881806,0.00434288,0.018
chase,2025-11-30,0.0017583333333333333,0.00858574,0.5009783664541437,0.40879399185201887,0.0017583333333333333,0.0,0.00858574,0.00430127,0.0211
chase,2025-12-31,0.001625,0.00841957,0.494172505246705,0.39055740352631274,0.001625,0.0,0.00841957,0.00416072,0.0195
chase,2026-01-31,0.0017000000000000001,0.00884193,0.4901678705893397,0.39224463144002236,0.0017000000000000001,0.0,0.00884193,0.00433403,0.0204
chase,2026-02-28,0.0016583333333333335,0.00920874,0.4968128104387788,0.3624756467366992,0.0016583333333333335,0.0,0.00920874,0.00457502,0.0199
chase,2026-03-31,0.0018583333333333334,0.00896635,0.4915946845706447,0.42160014459183437,0.0018583333333333334,0.0,0.00896635,0.00440781,0.0223
chase,2026-04-30,0.0017416666666666665,0.00865782,0.5019115666530374,0.4008014494821415,0.0017416666666666665,0.0,0.00865782,0.00434546,0.0209
chase,2026-05-31,0.0017833333333333332,0.00823884,0.5178568827650494,0.4179811588156523,0.0017833333333333332,0.0,0.00823884,0.00426654,0.0214
chase,2026-06-30,0.0016916666666666666,0.008106,0.5127781889958055,0.4069852298444073,0.0016916666666666666,0.0,0.008106,0.00415658,0.0203
chase,2026-07-31,0.0016833333333333333,0.00808735,0.5001168491533072,0.4161907257871774,0.0016833333333333333,0.0,0.00808735,0.00404462,0.0202
citi,2018-12-26,0.002123835616438356,0.01567196,0.5071790637546294,0.2671998853163753,0.002123835616438356,0.0,0.01567196,0.00794849,0.0255
citi,2019-01-28,0.002132164383561644,0.01644876,0.5100123048789088,0.25415980359701895,0.002132164383561644,0.0,0.01644876,0.00838907,0.0256
citi,2019-02-25,0.0023153972602739724,0.01638417,0.5158967466768228,0.2739291692525528,0.0023153972602739724,0.0,0.01638417,0.00845254,0.0278
citi,2019-03-26,0.0024569863013698626,0.01622744,0.5203427034701715,0.290980076738857,0.0024569863013698626,0.0,0.01622744,0.00844383,0.0295
citi,2019-04-25,0.0026235616438356163,0.01605801,0.5094118137926181,0.32072331816272287,0.0026235616438356163,0.0,0.01605801,0.00818014,0.0315
citi,2019-05-28,0.002282082191780822,0.01575928,0.5166289322862465,0.2802955392339219,0.002282082191780822,0.0,0.01575928,0.0081417,0.0274
citi,2019-06-25,0.002132164383561644,0.01493628,0.5297697954242957,0.26945797671385746,0.002132164383561644,0.0,0.01493628,0.00791279,0.0256
citi,2019-07-26,0.0024236712328767123,0.015316,0.5162855837033168,0.3065055565305937,0.0024236712328767123,0.0,0.015316,0.00790743,0.0291
citi,2019-08-27,0.00218213698630137,0.01533767,0.4968173131903347,0.28636893161715715,0.00218213698630137,0.0,0.01533767,0.00762002,0.0262
citi,2019-09-25,0.002173808219178082,0.0153009,0.4915893836310282,0.2890026030048928,0.002173808219178082,0.0,0.0153009,0.00752176,0.0261
citi,2019-09-25,0.002173808219178082,0.0153009,0.4915893836310282,0.2890026030048928,0.002173808219178082,0.0,0.0153009,0.00752176,0.0261
citi,2019-10-28,0.002173808219178082,0.01593217,0.4937538326543089,0.276334948926671,0.002173808219178082,0.0,0.01593217,0.00786657,0.0261
citi,2019-10-28,0.002173808219178082,0.01593217,0.4937538326543089,0.276334948926671,0.002173808219178082,0.0,0.01593217,0.00786657,0.0261
citi,2019-11-25,0.0021404931506849314,0.01592546,0.5010492632551902,0.26825104903162766,0.0021404931506849314,0.0,0.01592546,0.00797944,0.0257
citi,2019-12-26,0.002307068493150685,0.01558353,0.5173776416511535,0.2861455457937959,0.002307068493150685,0.0,0.01558353,0.00806257,0.0277
citi,2020-01-28,0.00207386301369863,0.01586967,0.5221835110622969,0.25025860320152216,0.00207386301369863,0.0,0.01586967,0.00828688,0.0249
citi,2020-02-25,0.002198794520547945,0.01539932,0.5377315361977023,0.265532445390842,0.002198794520547945,0.0,0.01539932,0.0082807,0.0264
citi,2020-03-26,0.0025152876712328767,0.01555271,0.5213213645724765,0.31022447955254795,0.0025152876712328767,0.0,0.01555271,0.00810796,0.0302
citi,2020-04-27,0.002465315068493151,0.01691503,0.4832589714591106,0.3015919411834045,0.002465315068493151,0.0,0.01691503,0.00817434,0.0296
citi,2020-05-26,0.0025985753424657533,0.01591714,0.494505294292819,0.3301409003896214,0.0025985753424657533,0.0,0.01591714,0.00787111,0.0312
citi,2020-06-25,0.0021904657534246577,0.0147175,0.530935960591133,0.2803240001567251,0.0021904657534246577,0.0,0.0147175,0.00781405,0.0263
citi,2020-07-28,0.0020155616438356162,0.01417441,0.5360667569232158,0.2652602766407819,0.0020155616438356162,0.0,0.01417441,0.00759843,0.0242
citi,2020-08-26,0.0022904109589041094,0.01320466,0.5093626038080495,0.3405329438331643,0.0022904109589041094,0.0,0.01320466,0.00672596,0.0275
citi,2020-09-25,0.002123835616438356,0.01361757,0.46736532288800425,0.3337066008689544,0.002123835616438356,0.0,0.01361757,0.00636438,0.0255
citi,2020-10-27,0.0016907397260273972,0.01384318,0.44356282299298283,0.275350425715174,0.0016907397260273972,0.0,0.01384318,0.00614032,0.0203
citi,2020-11-24,0.0015158356164383562,0.0139274,0.500420035326048,0.21749404429817654,0.0015158356164383562,0.0,0.0139274,0.00696955,0.0182
citi,2020-12-28,0.0017573698630136986,0.01362588,0.5275754666854545,0.24446349858579025,0.0017573698630136989,2.168404344971009e-19,0.01362588,0.00718868,0.0211
citi,2021-01-26,0.0016740821917808218,0.01375793,0.5478258720606952,0.22211666413878584,0.001674082191780822,2.168404344971009e-19,0.01375793,0.00753695,0.0201
citi,2021-02-23,0.0022987397260273972,0.01322248,0.535772411831971,0.32448642705885133,0.002298739726027397,4.336808689942018e-19,0.01322248,0.00708424,0.0276
citi,2021-03-26,0.00207386301369863,0.01248505,0.5229726753196824,0.31762215073784333,0.0020738630136986303,4.336808689942018e-19,0.01248505,0.00652934,0.0249
citi,2021-04-27,0.001724054794520548,0.01116073,0.5317636032768466,0.2904957976367718,0.001724054794520548,0.0,0.01116073,0.00593487,0.0207
citi,2021-05-25,0.001490849315068493,0.00966424,0.5681057175732391,0.271541919321221,0.001490849315068493,0.0,0.00966424,0.00549031,0.0179
citi,2021-06-25,0.0015158356164383562,0.00913112,0.5452211776868556,0.3044775948559311,0.0015158356164383564,2.168404344971009e-19,0.00913112,0.00497848,0.0182
citi,2021-07-27,0.001265972602739726,0.00863069,0.5235989243038506,0.28014317324104027,0.001265972602739726,0.0,0.00863069,0.00451902,0.0152
citi,2021-08-26,0.0013492602739726025,0.00795521,0.4975695173351803,0.3408712073639753,0.0013492602739726025,0.0,0.00795521,0.00395827,0.0162
citi,2021-09-27,0.0010077808219178081,0.0080275,0.47237620678916226,0.2657649846829663,0.0010077808219178081,0.0,0.0080275,0.003792,0.0121
citi,2021-10-26,0.0008328767123287671,0.00788274,0.4726427612733644,0.22354785446269906,0.0008328767123287671,0.0,0.00788274,0.00372572,0.01
citi,2021-11-24,0.000991123287671233,0.00808315,0.4643053759982185,0.2640847544453799,0.000991123287671233,0.0,0.00808315,0.00375305,0.0119
citi,2021-12-28,0.0008078904109589041,0.00803547,0.46875167227305936,0.2144856983834144,0.0008078904109589041,0.0,0.00803547,0.00376664,0.0097
citi,2022-01-26,0.0009244931506849315,0.00828385,0.48998593649088285,0.22776545544434462,0.0009244931506849315,0.0,0.00828385,0.00405897,0.0111
citi,2022-02-23,0.0009328219178082192,0.00848712,0.487091027344965,0.22564632748142702,0.0009328219178082192,0.0,0.00848712,0.004134,0.0112
citi,2022-03-28,0.0010244383561643835,0.00865641,0.46467068911939247,0.25468462854439,0.0010244383561643835,0.0,0.00865641,0.00402238,0.0123
citi,2022-04-26,0.0011327123287671232,0.00821725,0.47565669780035896,0.2898007539207549,0.0011327123287671232,0.0,0.00821725,0.00390859,0.0136
citi,2022-05-25,0.0011576986301369862,0.0078383,0.4987459015347716,0.2961381084528732,0.0011576986301369862,0.0,0.0078383,0.00390932,0.0139
citi,2022-06-27,0.0009161643835616437,0.00792813,0.48172393742282227,0.2398857300307773,0.0009161643835616437,0.0,0.00792813,0.00381917,0.011
citi,2022-07-26,0.000991123287671233,0.00789881,0.4746626390557565,0.26435100370771725,0.000991123287671233,0.0,0.00789881,0.00374927,0.0119
citi,2022-08-26,0.0011077260273972603,0.008204,0.45759263773768893,0.2950717823486545,0.0011077260273972603,0.0,0.008204,0.00375409,0.0133
citi,2022-09-27,0.0009328219178082192,0.00856029,0.4517755823692889,0.24120566846072594,0.0009328219178082192,0.0,0.00856029,0.00386733,0.0112
citi,2022-10-26,0.0010993972602739725,0.00899969,0.45486677874460124,0.26856096018574394,0.0010993972602739725,0.0,0.00899969,0.00409366,0.0132
citi,2022-11-25,0.0011077260273972603,0.00972346,0.4500527589973117,0.253132611543522,0.0011077260273972603,0.0,0.00972346,0.00437607,0.0133
citi,2022-12-27,0.0011160547945205479,0.0100046,0.45292665373927987,0.24629631225143675,0.0011160547945205479,0.0,0.0100046,0.00453135,0.0134
citi,2023-01-26,0.0012493150684931506,0.01059007,0.47381839780095886,0.24897814536998517,0.0012493150684931506,0.0,0.01059007,0.00501777,0.015
citi,2023-02-23,0.001290958904109589,0.01113891,0.4804195383569847,0.24123985613155352,0.001290958904109589,0.0,0.01113891,0.00535135,0.0155
citi,2023-03-28,0.001390904109589041,0.01174472,0.48140355836495036,0.24600573220298041,0.001390904109589041,0.0,0.01174472,0.00565395,0.0167
citi,2023-04-25,0.0016574246575342467,0.01130358,0.48720670796331783,0.30095705198200284,0.0016574246575342465,2.168404344971009e-19,0.01130358,0.00550718,0.0199
citi,2023-05-25,0.0017157260273972603,0.01145051,0.5025016352983405,0.29818488805805804,0.0017157260273972606,2.168404344971009e-19,0.01145051,0.0057539,0.0206
citi,2023-06-27,0.00146586301369863,0.01179009,0.4970174103844839,0.2501523945368557,0.00146586301369863,0.0,0.01179009,0.00585988,0.0176
citi,2023-07-26,0.0013742465753424657,0.01206921,0.4859588987183088,0.2343075485568061,0.0013742465753424657,0.0,0.01206921,0.00586514,0.0165
citi,2023-08-28,0.001640767123287671,0.01283266,0.4761249811029047,0.2685401882646619,0.001640767123287671,0.0,0.01283266,0.00610995,0.0197
citi,2023-09-26,0.001774027397260274,0.01331839,0.4700350417730672,0.2833859784029792,0.001774027397260274,0.0,0.01331839,0.00626011,0.0213
citi,2023-10-26,0.001724054794520548,0.01402456,0.4889700639449651,0.25140826362038965,0.001724054794520548,0.0,0.01402456,0.00685759,0.0207
citi,2023-11-27,0.0018406575342465755,0.01456976,0.48756053634376956,0.25911469813315086,0.0018406575342465757,2.168404344971009e-19,0.01456976,0.00710364,0.0221
citi,2023-12-26,0.001948931506849315,0.01437732,0.5073838517887895,0.2671664971650178,0.0019489315068493148,2.168404344971009e-19,0.01437732,0.00729482,0.0234
citi,2024-01-26,0.002207123287671233,0.01504512,0.51971004551642,0.28227331632428704,0.002207123287671233,0.0,0.01504512,0.0078191,0.0265
citi,2024-02-26,0.0018906301369863016,0.01495313,0.522085342667388,0.24217703991595818,0.0018906301369863016,0.0,0.01495313,0.00780681,0.0227
citi,2024-03-26,0.0024153424657534246,0.01476918,0.5186794392105722,0.31529951370521975,0.0024153424657534246,0.0,0.01476918,0.00766047,0.029
citi,2024-04-25,0.002332054794520548,0.01442915,0.5087603912912403,0.31767622231916554,0.0023320547945205475,4.336808689942018e-19,0.01442915,0.00734098,0.028
citi,2024-05-28,0.001998904109589041,0.01415451,0.5157953189478124,0.2737913510640627,0.001998904109589041,0.0,0.01415451,0.00730083,0.024
citi,2024-06-25,0.0020572054794520548,0.01375735,0.5287929724837995,0.2827855483735001,0.0020572054794520548,0.0,0.01375735,0.00727479,0.0247
citi,2024-07-26,0.002157150684931507,0.01438018,0.5075826589096938,0.2955353151583143,0.002157150684931507,0.0,0.01438018,0.00729913,0.0259
citi,2024-08-27,0.001982246575342466,0.01447628,0.49187705681293814,0.27838391350983643,0.001982246575342466,0.0,0.01447628,0.00712055,0.0238
citi,2024-09-25,0.0021071780821917806,0.01444948,0.5006346249138377,0.2912917194424289,0.0021071780821917806,0.0,0.01444948,0.00723391,0.0253
citi,2024-10-28,0.0019655890410958904,0.01517608,0.502206762220547,0.2578995347516693,0.0019655890410958904,0.0,0.01517608,0.00762153,0.0236
citi,2024-11-25,0.001998904109589041,0.01520384,0.5033169251978448,0.2612144125123709,0.001998904109589041,0.0,0.01520384,0.00765235,0.024
citi,2024-12-26,0.0023653698630136987,0.01455789,0.5200369009519923,0.31243988130642836,0.0023653698630136987,0.0,0.01455789,0.00757064,0.0284
citi,2025-01-28,0.0018823013698630135,0.01481294,0.523409262442162,0.2427764131675461,0.0018823013698630135,0.0,0.01481294,0.00775323,0.0226
citi,2025-02-25,0.0018989589041095891,0.0146328,0.5339094363348095,0.2430639396294429,0.0018989589041095891,0.0,0.0146328,0.00781259,0.0228
citi,2025-03-26,0.002498630136986301,0.01441444,0.5121295034701313,0.33847329024504014,0.002498630136986301,0.0,0.01441444,0.00738206,0.03
citi,2025-04-25,0.0022487671232876713,0.01412486,0.49481693977851815,0.3217479380084861,0.0022487671232876713,0.0,0.01412486,0.00698922,0.027
citi,2025-05-27,0.0019406027397260274,0.01386371,0.5098281773060747,0.27455751816624635,0.0019406027397260274,0.0,0.01386371,0.00706811,0.0233
citi,2025-06-25,0.0017656986301369862,0.01369927,0.5168691470421417,0.24936675034028782,0.0017656986301369862,0.0,0.01369927,0.00708073,0.0212
citi,2025-07-28,0.001724054794520548,0.01411042,0.5037801851397761,0.242532555094998,0.0017240547945205477,2.168404344971009e-19,0.01411042,0.00710855,0.0207
citi,2025-08-26,0.001982246575342466,0.01350451,0.5035836176210762,0.2914789873530421,0.001982246575342466,0.0,0.01350451,0.00680065,0.0238
citi,2025-09-25,0.0020821917808219177,0.01385208,0.5006006318184706,0.3002716589305888,0.0020821917808219177,0.0,0.01385208,0.00693436,0.025
citi,2025-10-28,0.001624109589041096,0.01432486,0.4938652105500507,0.2295707273312219,0.001624109589041096,0.0,0.01432486,0.00707455,0.0195
citi,2025-11-24,0.0017573698630136986,0.01400444,0.5059088403392067,0.24804196249436464,0.0017573698630136984,2.168404344971009e-19,0.01400444,0.00708497,0.0211
citi,2025-12-26,0.0020905205479452055,0.01418571,0.49945473296719023,0.29505788863776555,0.0020905205479452055,0.0,0.01418571,0.00708512,0.0251
citi,2026-01-27,0.0016907397260273972,0.01456421,0.4940295422820737,0.23498324927588685,0.0016907397260273972,0.0,0.01456421,0.00719515,0.0203
citi,2026-02-24,0.0018239999999999999,0.01451095,0.5034281008479803,0.2496844721993314,0.0018239999999999997,2.168404344971009e-19,0.01451095,0.00730522,0.0219
citi,2026-03-26,0.002148821917808219,0.01438239,0.5060535835838132,0.295238411077403,0.002148821917808219,0.0,0.01438239,0.00727826,0.0258
citi,2026-04-27,0.0017573698630136986,0.01391639,0.500870556229022,0.2521221958583906,0.0017573698630136982,4.336808689942018e-19,0.01391639,0.00697031,0.0211
citi,2026-05-26,0.0018989589041095891,0.01302204,0.5206703404382109,0.2800745855366279,0.0018989589041095891,0.0,0.01302204,0.00678019,0.0228
citi,2026-06-25,0.001873972602739726,0.01306534,0.5045678107113937,0.2842647315054155,0.0018739726027397258,2.168404344971009e-19,0.01306534,0.00659235,0.0225
citi,2026-07-28,0.0015824657534246574,0.01329899,0.4950075156083281,0.2403830647300903,0.0015824657534246574,0.0,0.01329899,0.0065831,0.019
comet,2018-12-31,0.002975,0.02113751,0.49528492239625194,0.2841698753186762,0.002975,0.0,0.02113751,0.01046909,0.0357
comet,2019-01-31,0.003116666666666667,0.02162073,0.5025806251685303,0.2868231893020779,0.003116666666666666,8.673617379884035e-19,0.02162073,0.01086616,0.0374
comet,2019-02-28,0.0030333333333333336,0.02160246,0.5148682140830256,0.2727224231177508,0.003033333333333333,4.336808689942018e-19,0.02160246,0.01112242,0.0364
comet,2019-02-28,0.0030333333333333336,0.02160246,0.5148682140830256,0.2727224231177508,0.003033333333333333,4.336808689942018e-19,0.02160246,0.01112242,0.0364
comet,2019-03-31,0.0033333333333333335,0.0205601,0.5143447745876721,0.31520942198787455,0.0033333333333333335,0.0,0.0205601,0.01057498,0.04
comet,2019-04-30,0.00325,0.0192196,0.5149997918791234,0.3283461758783765,0.00325,0.0,0.0192196,0.00989809,0.039
comet,2019-08-31,0.002983333333333333,0.01833935,0.49716811119259946,0.3272009657363923,0.002983333333333333,0.0,0.01833935,0.00911774,0.0358
comet,2019-09-30,0.0028166666666666665,0.01914159,0.49678788439204896,0.2962009511380601,0.0028166666666666665,0.0,0.01914159,0.00950931,0.0338
comet,2019-10-31,0.0028,0.0199827,0.48210552127590367,0.29064426491394335,0.0028,0.0,0.0199827,0.00963377,0.0336
comet,2019-11-30,0.0029083333333333335,0.01986165,0.4929791835018742,0.2970299726221772,0.0029083333333333335,0.0,0.01986165,0.00979138,0.0349
comet,2019-12-31,0.003016666666666667,0.01933324,0.5164462862924165,0.3021325550665794,0.003016666666666667,0.0,0.01933324,0.00998458,0.0362
comet,2020-01-31,0.002775,0.01978095,0.5276566595638734,0.2658669898587312,0.0027749999999999997,4.336808689942018e-19,0.01978095,0.01043755,0.0333
comet,2020-02-29,0.0030583333333333335,0.01922322,0.5353291488106571,0.2971924624865373,0.0030583333333333335,0.0,0.01922322,0.01029075,0.0367
comet,2020-03-31,0.0033666666666666667,0.01933681,0.5169063563224752,0.33682430043927225,0.0033666666666666667,0.0,0.01933681,0.00999532,0.0404
comet,2020-04-30,0.0031249999999999997,0.01982413,0.5027201698132528,0.31356643946060553,0.0031249999999999997,0.0,0.01982413,0.00996599,0.0375
comet,2020-05-31,0.003075,0.01829147,0.5177172747734327,0.32471612418834167,0.003075,0.0,0.01829147,0.00946981,0.0369
comet,2020-06-30,0.002975,0.01627188,0.5466958950041422,0.3344286104519339,0.002975,0.0,0.01627188,0.00889577,0.0357
comet,2020-07-31,0.0025499999999999997,0.01345291,0.5736149279226577,0.3304482822520763,0.0025499999999999997,0.0,0.01345291,0.00771679,0.0306
comet,2020-08-31,0.0026416666666666667,0.01256111,0.5499506014993898,0.3824074248322112,0.0026416666666666667,0.0,0.01256111,0.00690799,0.0317
comet,2020-09-30,0.0024333333333333334,0.01217107,0.5130140571042644,0.3897118214543298,0.0024333333333333334,0.0,0.01217107,0.00624393,0.0292
comet,2020-10-31,0.002375,0.01195097,0.48452887087826346,0.4101481886992517,0.002375,0.0,0.01195097,0.00579059,0.0285
comet,2020-11-30,0.00205,0.01233152,0.4755455937305377,0.3495788001773473,0.00205,0.0,0.01233152,0.0058642,0.0246
comet,2020-12-31,0.0019166666666666666,0.01301431,0.4743954923465017,0.310445156758607,0.0019166666666666666,0.0,0.01301431,0.00617393,0.023
comet,2021-01-31,0.0020916666666666666,0.0138183,0.4816330518225831,0.3142834962348587,0.0020916666666666666,0.0,0.0138183,0.00665535,0.0251
comet,2021-02-28,0.0021416666666666667,0.01380254,0.5217402014411839,0.2973983545654929,0.0021416666666666663,4.336808689942018e-19,0.01380254,0.00720134,0.0257
comet,2021-03-31,0.0024,0.01239346,0.5587793884839262,0.34655988771459634,0.0023999999999999994,4.336808689942018e-19,0.01239346,0.00692521,0.0288
comet,2021-04-30,0.00215,0.0112044,0.574427010817179,0.3340527119642144,0.00215,0.0,0.0112044,0.00643611,0.0258
comet,2021-05-31,0.002341666666666667,0.00983701,0.5650466960997295,0.4212865762204867,0.002341666666666667,0.0,0.00983701,0.00555837,0.0281
comet,2021-06-30,0.0020833333333333333,0.00924114,0.5300385017432915,0.4253297837010904,0.0020833333333333333,0.0,0.00924114,0.00489816,0.025
comet,2021-07-31,0.0017583333333333333,0.00901216,0.5070049799382168,0.3848221756788008,0.0017583333333333333,0.0,0.00901216,0.00456921,0.0211
comet,2021-08-31,0.0018000000000000002,0.00910775,0.4819763388323131,0.41004893250594576,0.0018000000000000002,0.0,0.00910775,0.00438972,0.0216
comet,2021-09-30,0.0015666666666666667,0.00950456,0.47373681685422575,0.3479424754848615,0.0015666666666666667,0.0,0.00950456,0.00450266,0.0188
comet,2021-10-31,0.0016166666666666666,0.00963344,0.4728788470162268,0.35488627175507725,0.0016166666666666666,0.0,0.00963344,0.00455545,0.0194
comet,2021-11-30,0.0016166666666666666,0.00969649,0.4834501969269292,0.34486902443308154,0.0016166666666666666,0.0,0.00969649,0.00468777,0.0194
comet,2021-12-31,0.0015916666666666666,0.00984176,0.4882795353676578,0.3312156342103091,0.0015916666666666666,0.0,0.00984176,0.00480553,0.0191
comet,2022-01-31,0.0016583333333333335,0.01039618,0.49805601672922173,0.320272646977785,0.0016583333333333335,0.0,0.01039618,0.00517788,0.0199
comet,2022-02-28,0.0017749999999999999,0.01065344,0.495706551123393,0.33611185802635113,0.0017749999999999999,0.0,0.01065344,0.00528098,0.0213
comet,2022-03-31,0.0018083333333333335,0.01015836,0.4936623628223453,0.36059929276009683,0.0018083333333333335,0.0,0.01015836,0.0050148,0.0217
comet,2022-04-30,0.0017333333333333333,0.0095719,0.5097472811040651,0.35524585404177556,0.0017333333333333337,4.336808689942018e-19,0.0095719,0.00487925,0.0208
comet,2022-05-31,0.0017000000000000001,0.00942289,0.5078452576651112,0.35524943734758235,0.0017000000000000001,0.0,0.00942289,0.00478537,0.0204
comet,2022-06-30,0.0015166666666666668,0.00959554,0.4918608019975947,0.32135015089331814,0.0015166666666666668,0.0,0.00959554,0.00471967,0.0182
comet,2022-07-31,0.0015833333333333333,0.00990592,0.4802350513632252,0.33283093379747486,0.0015833333333333335,2.168404344971009e-19,0.00990592,0.00475717,0.019
comet,2022-08-31,0.0016833333333333333,0.01027831,0.4652214225879546,0.3520373201385563,0.0016833333333333333,0.0,0.01027831,0.00478169,0.0202
comet,2022-09-30,0.0015166666666666668,0.0111471,0.46269971562110324,0.29405530049220335,0.0015166666666666668,0.0,0.0111471,0.00515776,0.0182
comet,2022-10-31,0.0017166666666666667,0.01176757,0.45877016240396273,0.3179830857696086,0.0017166666666666667,0.0,0.01176757,0.00539861,0.0206
comet,2022-11-30,0.0015083333333333335,0.01167384,0.44904076122338493,0.2877384015988717,0.0015083333333333335,0.0,0.01167384,0.00524203,0.0181
comet,2022-12-31,0.0016166666666666666,0.01247289,0.44694132634858474,0.2900032587995061,0.0016166666666666666,0.0,0.01247289,0.00557465,0.0194
comet,2023-01-31,0.00175,0.01360594,0.46475068977226125,0.27675116275024236,0.00175,0.0,0.01360594,0.00632337,0.021
comet,2023-02-28,0.0018000000000000002,0.01458464,0.48298621014985627,0.2555300971866137,0.0018000000000000004,2.168404344971009e-19,0.01458464,0.00704418,0.0216
comet,2023-03-31,0.0020333333333333336,0.01488825,0.48548016052927645,0.2813153568208598,0.0020333333333333336,0.0,0.01488825,0.00722795,0.0244
comet,2023-04-30,0.0021666666666666666,0.01473971,0.4969276871797342,0.29580803605763434,0.0021666666666666666,0.0,0.01473971,0.00732457,0.026
comet,2023-05-31,0.0022666666666666664,0.01482396,0.5038336584826186,0.3034843123157058,0.0022666666666666664,0.0,0.01482396,0.00746881,0.0272
comet,2023-06-30,0.002041666666666667,0.01453204,0.4785983248050515,0.29355337615138827,0.002041666666666667,0.0,0.01453204,0.00695501,0.0245
comet,2023-07-31,0.00215,0.01544481,0.45820699639555296,0.30380447991499127,0.00215,0.0,0.01544481,0.00707692,0.0258
comet,2023-08-31,0.0022333333333333333,0.01617344,0.4662335285505124,0.29617448655721473,0.0022333333333333333,0.0,0.01617344,0.0075406,0.0268
comet,2023-09-30,0.0020916666666666666,0.01742507,0.48000954945948565,0.25007372691550495,0.0020916666666666666,0.0,0.01742507,0.0083642,0.0251
comet,2023-10-31,0.0023333333333333335,0.01850087,0.48060172305410503,0.2624214375821239,0.0023333333333333335,0.0,0.01850087,0.00889155,0.028
comet,2023-11-30,0.0025583333333333335,0.01884616,0.4919543291577701,0.2759367017384911,0.0025583333333333335,0.0,0.01884616,0.00927145,0.0307
comet,2023-12-31,0.0026583333333333333,0.01937583,0.5014334869783643,0.27361240769655404,0.0026583333333333333,0.0,0.01937583,0.00971569,0.0319
comet,2024-01-31,0.0027166666666666663,0.02025559,0.516622324997692,0.2596081286968277,0.0027166666666666663,0.0,0.02025559,0.01046449,0.0326
comet,2024-02-29,0.002916666666666667,0.02046091,0.5293923877286006,0.2692676381843052,0.0029166666666666672,4.336808689942018e-19,0.02046091,0.01083185,0.035
comet,2024-03-31,0.0031333333333333335,0.01967524,0.5245486204996738,0.3035993315647057,0.003133333333333333,4.336808689942018e-19,0.01967524,0.01032062,0.0376
comet,2024-04-30,0.003108333333333333,0.01898244,0.5355928953285247,0.30573189100010556,0.0031083333333333336,4.336808689942018e-19,0.01898244,0.01016686,0.0373
comet,2024-05-31,0.0030833333333333333,0.01860333,0.5325702441444622,0.31120953182647365,0.0030833333333333338,4.336808689942018e-19,0.01860333,0.00990758,0.037
comet,2024-06-30,0.0028750000000000004,0.01865527,0.5197442867350619,0.2965149438374913,0.0028749999999999995,8.673617379884035e-19,0.01865527,0.00969597,0.0345
comet,2024-07-31,0.002916666666666667,0.01900766,0.5107283063775341,0.30044723717304905,0.002916666666666667,0.0,0.01900766,0.00970775,0.035
comet,2024-08-31,0.0029916666666666668,0.01913111,0.5030126323041371,0.3108809725950196,0.0029916666666666668,0.0,0.01913111,0.00962319,0.0359
comet,2024-09-30,0.002775,0.01997018,0.506515714930962,0.2743393365041359,0.002775,0.0,0.01997018,0.01011521,0.0333
comet,2024-10-31,0.00295,0.02020407,0.5024745014247128,0.2905822776331433,0.002949999999999999,8.673617379884035e-19,0.02020407,0.01015203,0.0354
comet,2024-11-30,0.002858333333333333,0.02014766,0.5187103614017706,0.27350378280450616,0.0028583333333333325,4.336808689942018e-19,0.02014766,0.0104508,0.0343
comet,2024-12-31,0.0031,0.01974591,0.5223436144497772,0.3005579713306477,0.0031,0.0,0.01974591,0.01031415,0.0372
comet,2025-01-31,0.0028666666666666667,0.02027221,0.5309741759778535,0.26631933670382135,0.0028666666666666675,8.673617379884035e-19,0.02027221,0.01076402,0.0344
comet,2025-02-28,0.00315,0.02037393,0.5319822930578441,0.2906287453049618,0.00315,0.0,0.02037393,0.01083857,0.0378
comet,2025-03-31,0.0032916666666666667,0.01927935,0.5190403203427502,0.3289443003196506,0.0032916666666666667,0.0,0.01927935,0.01000676,0.0395
comet,2025-04-30,0.0030583333333333335,0.01816265,0.529430452054078,0.3180509422280829,0.0030583333333333326,8.673617379884035e-19,0.01816265,0.00961586,0.0367
comet,2025-05-31,0.003016666666666667,0.01755434,0.5328944295256899,0.32247914842699665,0.003016666666666667,0.0,0.01755434,0.00935461,0.0362
comet,2025-06-30,0.0027500000000000003,0.01773254,0.5178338805382646,0.2994823855351097,0.00275,4.336808689942018e-19,0.01773254,0.00918251,0.033
comet,2025-07-31,0.0027416666666666666,0.01789949,0.5130816576338209,0.2985296733050955,0.0027416666666666666,0.0,0.01789949,0.0091839,0.0329
comet,2025-08-31,0.002891666666666667,0.01789256,0.5025390441613722,0.3215925187385566,0.002891666666666667,0.0,0.01789256,0.00899171,0.0347
comet,2025-09-30,0.002675,0.01862769,0.5026033823839672,0.2857191684984737,0.0026750000000000003,4.336808689942018e-19,0.01862769,0.00936234,0.0321
comet,2025-10-31,0.0028083333333333333,0.01866512,0.5029681030713974,0.2991420216248613,0.0028083333333333333,0.0,0.01866512,0.00938796,0.0337
comet,2025-11-30,0.002725,0.01865203,0.5138759695325389,0.2843034253085344,0.002725,0.0,0.01865203,0.00958483,0.0327
comet,2025-12-31,0.002825,0.01839676,0.5146052891922273,0.2984027793182051,0.0028249999999999994,4.336808689942018e-19,0.01839676,0.00946707,0.0339
comet,2026-01-31,0.0027333333333333337,0.01882957,0.5188169458994549,0.27979377151767654,0.0027333333333333337,0.0,0.01882957,0.0097691,0.0328
comet,2026-02-28,0.002916666666666667,0.01878101,0.5285072528048278,0.29384405108520806,0.0029166666666666664,4.336808689942018e-19,0.01878101,0.0099259,0.035
comet,2026-03-31,0.00295,0.01758147,0.5292589299984587,0.31702874214816523,0.0029499999999999995,4.336808689942018e-19,0.01758147,0.00930515,0.0354
comet,2026-04-30,0.002775,0.0165261,0.5427196979323615,0.30939766128816465,0.002775,0.0,0.0165261,0.00896904,0.0333
comet,2026-05-31,0.0027833333333333334,0.01596632,0.5361705139318265,0.3251303149558777,0.0027833333333333334,0.0,0.01596632,0.00856067,0.0334
comet,2026-06-30,0.0026,0.01593371,0.5174049232727344,0.3153739971713378,0.0026,0.0,0.01593371,0.00824418,0.0312
comet,2026-07-31,0.002466666666666667,0.01622984,0.5070604516125853,0.29973433007149475,0.002466666666666667,0.0,0.01622984,0.00822951,0.0296
synchrony,2018-12-31,0.003702416666666667,0.03103757,0.5093410985460524,0.2342010617353767,0.003702416666666667,0.0,0.03103757,0.01580871,0.044429
synchrony,2019-01-31,0.0046645,0.0329227,0.5202325447183859,0.2723404404389209,0.0046645,0.0,0.0329227,0.01712746,0.055974
synchrony,2019-02-28,0.00520275,0.03350803,0.5278871959945123,0.29413244567361996,0.00520275,0.0,0.03350803,0.01768846,0.062433
synchrony,2019-03-31,0.005666583333333333,0.03238948,0.5305494253072294,0.32975505046684306,0.005666583333333334,8.673617379884035e-19,0.03238948,0.01718422,0.067999
synchrony,2019-04-30,0.005799416666666667,0.03092211,0.5290567170222213,0.3544973221553568,0.005799416666666667,0.0,0.03092211,0.01635955,0.069593
synchrony,2019-05-31,0.00575525,0.02995834,0.5359295608501673,0.3584583782814178,0.00575525,0.0,0.02995834,0.01605556,0.069063
synchrony,2019-06-30,0.0053493333333333335,0.03018629,0.5089999466645287,0.34815463723840134,0.005349333333333333,8.673617379884035e-19,0.03018629,0.01536482,0.064192
synchrony,2019-07-31,0.005150666666666667,0.03064799,0.4942637347506313,0.340018620486452,0.005150666666666667,0.0,0.03064799,0.01514819,0.061808
synchrony,2019-08-31,0.0051835,0.02841421,0.4842298976462834,0.37673495404102475,0.0051835,0.0,0.02841421,0.01375901,0.062202
synchrony,2019-09-30,0.004268083333333333,0.03022716,0.48219713661488545,0.29282686526545204,0.004268083333333333,0.0,0.03022716,0.01457545,0.051217
synchrony,2019-10-31,0.004662166666666667,0.03172496,0.47866790060570596,0.307009918967732,0.004662166666666667,0.0,0.03172496,0.01518572,0.055946
synchrony,2019-11-30,0.004674166666666667,0.03296985,0.491261258392137,0.28858563301456686,0.004674166666666666,8.673617379884035e-19,0.03296985,0.01619681,0.05609
synchrony,2019-12-31,0.005392666666666667,0.02395608,0.5039881316141873,0.4466501788754178,0.005392666666666667,0.0,0.02395608,0.01207358,0.064712
synchrony,2020-01-31,0.003750583333333333,0.02602716,0.5002401337679562,0.2880669972905432,0.0037505833333333323,8.673617379884035e-19,0.02602716,0.01301983,0.045007
synchrony,2020-02-29,0.0038770000000000002,0.02785629,0.4886034716037204,0.2848498385091708,0.0038770000000000007,4.336808689942018e-19,0.02785629,0.01361068,0.046524
synchrony,2020-03-31,0.0047350000000000005,0.02806715,0.4822064228110086,0.34985547680831325,0.0047350000000000005,0.0,0.02806715,0.01353416,0.05682
synchrony,2020-04-30,0.0045645,0.02784413,0.5208914769468466,0.3147112785158618,0.0045645,0.0,0.02784413,0.01450377,0.054774
synchrony,2020-05-31,0.004343916666666667,0.02579264,0.5699641448103024,0.29548684613891596,0.004343916666666666,8.673617379884035e-19,0.02579264,0.01470088,0.052127
synchrony,2020-06-30,0.00450025,0.0235154,0.5983546952210042,0.31983469018624006,0.004500250000000001,8.673617379884035e-19,0.0235154,0.01407055,0.054003
synchrony,2020-07-31,0.00482025,0.01794458,0.5909751022314258,0.4545347389861195,0.00482025,0.0,0.01794458,0.0106048,0.057843
synchrony,2020-08-31,0.003832,0.01700818,0.5267006816719954,0.4277635512412064,0.003832,0.0,0.01700818,0.00895822,0.045984
synchrony,2020-09-30,0.003601166666666667,0.01794652,0.45933027684475874,0.43685559402413415,0.003601166666666667,0.0,0.01794652,0.00824338,0.043214
synchrony,2020-10-31,0.0031494166666666667,0.02004105,0.41822908480344095,0.37574691045028386,0.0031494166666666667,0.0,0.02004105,0.00838175,0.037793
synchrony,2020-11-30,0.0029291666666666667,0.02162435,0.4468994443763627,0.30310367818684847,0.0029291666666666667,0.0,0.02162435,0.00966391,0.03515
synchrony,2020-12-31,0.0030106666666666667,0.02334105,0.48871923071155754,0.26392641385601984,0.0030106666666666663,4.336808689942018e-19,0.02334105,0.01140722,0.036128
synchrony,2021-01-31,0.0031813333333333333,0.0249007,0.5310481231451324,0.24058233832219028,0.0031813333333333333,0.0,0.0249007,0.01322347,0.038176
synchrony,2021-02-28,0.0040485,0.02446603,0.5623850702382037,0.2942367106537891,0.004048499999999999,8.673617379884035e-19,0.02446603,0.01375933,0.048582
synchrony,2021-03-31,0.0047695,0.02181226,0.5728929510284583,0.3816793893129771,0.0047695,0.0,0.02181226,0.01249609,0.057234
synchrony,2021-04-30,0.00430775,0.01928432,0.5802786927410456,0.38495462133208463,0.00430775,0.0,0.01928432,0.01119028,0.051693
synchrony,2021-05-31,0.004290416666666667,0.01681138,0.5730106630151719,0.4453827601360587,0.004290416666666667,0.0,0.01681138,0.0096331,0.051485
synchrony,2021-06-30,0.0036509999999999997,0.01566016,0.5345085873962974,0.43617518209806116,0.0036509999999999997,0.0,0.01566016,0.00837049,0.043812
synchrony,2021-07-31,0.002858583333333333,0.0134098,0.5034265984578443,0.42344050502282427,0.0028585833333333336,4.336808689942018e-19,0.0134098,0.00675085,0.034303
synchrony,2021-08-31,0.002728833333333333,0.01352452,0.4574084699493956,0.4411141088083264,0.002728833333333333,0.0,0.01352452,0.00618623,0.032746
synchrony,2021-09-30,0.0022111666666666664,0.01434931,0.43217687819135553,0.35655697171409645,0.0022111666666666664,0.0,0.01434931,0.00620144,0.026534
synchrony,2021-10-31,0.0022640833333333332,0.01333902,0.435448781094863,0.38979063871203956,0.0022640833333333332,0.0,0.01333902,0.00580846,0.027169
synchrony,2021-11-30,0.00210025,0.0141937,0.4471039968436701,0.3309533789469372,0.00210025,0.0,0.0141937,0.00634606,0.025203
synchrony,2021-12-31,0.0021093333333333333,0.01512296,0.457138020599142,0.3051132506325989,0.0021093333333333333,0.0,0.01512296,0.00691328,0.025312
synchrony,2022-01-31,0.00219625,0.01676628,0.46700878191226675,0.28049169859514683,0.00219625,0.0,0.01676628,0.00783,0.026355
synchrony,2022-02-28,0.00235725,0.01788521,0.4849571237911101,0.2717742195822707,0.00235725,0.0,0.01788521,0.00867356,0.028287
synchrony,2022-03-31,0.002780666666666667,0.01789737,0.4919113813929086,0.3158441542706734,0.002780666666666667,0.0,0.01789737,0.00880392,0.033368
synchrony,2022-04-30,0.0027601666666666664,0.01782057,0.5072475235079461,0.30534708639768243,0.0027601666666666664,0.0,0.01782057,0.00903944,0.033122
synchrony,2022-05-31,0.00320875,0.01704946,0.5119522847057913,0.36761715344314205,0.00320875,0.0,0.01704946,0.00872851,0.038505
synchrony,2022-06-30,0.0027755,0.01744684,0.4930720978698721,0.3226368925493022,0.0027755,0.0,0.01744684,0.00860255,0.033306
synchrony,2022-07-31,0.0028400833333333333,0.01812969,0.48036563228604573,0.3261134994779275,0.0028400833333333333,0.0,0.01812969,0.00870888,0.034081
synchrony,2022-08-31,0.0031055,0.01896272,0.46242891315169976,0.35414891930696063,0.0031055,0.0,0.01896272,0.00876891,0.037266
synchrony,2022-09-30,0.0027231666666666667,0.02031874,0.46630352078918286,0.28741455314328335,0.002723166666666667,4.336808689942018e-19,0.02031874,0.0094747,0.032678
synchrony,2022-10-31,0.0030730833333333335,0.02129707,0.47726330429491,0.3023405753399231,0.0030730833333333335,0.0,0.02129707,0.01016431,0.036877
synchrony,2022-11-30,0.0032015,0.02177072,0.48677581632578065,0.3021006920526239,0.0032014999999999995,4.336808689942018e-19,0.02177072,0.01059746,0.038418
synchrony,2022-12-31,0.0030466666666666667,0.02071985,0.49055519224318705,0.2997439714239708,0.0030466666666666667,0.0,0.02071985,0.01016423,0.03656
synchrony,2023-01-31,0.0032145,0.02221847,0.479970493017746,0.3014287978199979,0.0032144999999999995,4.336808689942018e-19,0.02221847,0.01066421,0.038574
synchrony,2023-02-28,0.003247,0.02356799,0.484843213188736,0.28415704161627336,0.003247,0.0,0.02356799,0.01142678,0.038964
synchrony,2023-03-31,0.0036521666666666664,0.02377533,0.48865609856939946,0.314355245384445,0.0036521666666666664,0.0,0.02377533,0.01161796,0.043826
synchrony,2023-04-30,0.0035929166666666666,0.0239591,0.5051654694875851,0.29685405617691907,0.0035929166666666666,0.0,0.0239591,0.01210331,0.043115
synchrony,2023-05-31,0.003950416666666667,0.02445159,0.5036461841540776,0.32078219291728083,0.003950416666666668,8.673617379884035e-19,0.02445159,0.01231495,0.047405
synchrony,2023-06-30,0.003721,0.02552098,0.4930962682467523,0.2956858943286476,0.003721,0.0,0.02552098,0.0125843,0.044652
synchrony,2023-07-31,0.004052333333333333,0.02664236,0.48944613014762955,0.31076175869120654,0.004052333333333333,0.0,0.02664236,0.01304,0.048628
synchrony,2023-08-31,0.004140083333333333,0.02758272,0.4914656712608474,0.3054068714671136,0.004140083333333333,0.0,0.02758272,0.01355596,0.049681
synchrony,2023-09-30,0.003937666666666667,0.02999304,0.4984336366036921,0.26339717922201394,0.003937666666666667,0.0,0.02999304,0.01494954,0.047252
synchrony,2023-10-31,0.004752166666666667,0.03062318,0.49221439445544196,0.3152732084005333,0.004752166666666667,0.0,0.03062318,0.01507317,0.057026
synchrony,2023-11-30,0.004571083333333333,0.03112734,0.5013309842729896,0.29292239930108316,0.004571083333333333,0.0,0.03112734,0.0156051,0.054853
synchrony,2023-12-31,0.00482275,0.02753235,0.5163928978093043,0.3392119998508881,0.00482275,0.0,0.02753235,0.01421751,0.057873
synchrony,2024-01-31,0.0042155,0.02964419,0.5209243362696029,0.2729825324852775,0.0042155,0.0,0.02964419,0.01544238,0.050586
synchrony,2024-02-29,0.004648666666666666,0.03074876,0.5130255659089993,0.2946875521662049,0.004648666666666666,0.0,0.03074876,0.0157749,0.055784
synchrony,2024-03-31,0.005055416666666666,0.03051798,0.5085487309448398,0.32573812855941325,0.005055416666666667,8.673617379884035e-19,0.03051798,0.01551988,0.060665
synchrony,2024-04-30,0.005052,0.02860801,0.5142440875824639,0.34340481935900485,0.005052000000000001,8.673617379884035e-19,0.02860801,0.0147115,0.060624
synchrony,2024-05-31,0.00463775,0.02875718,0.5323101917503733,0.30296764904551554,0.00463775,0.0,0.02875718,0.01530774,0.055653
synchrony,2024-06-30,0.004723583333333333,0.02986322,0.5191794454851152,0.30466141696394844,0.004723583333333334,8.673617379884035e-19,0.02986322,0.01550437,0.056683
synchrony,2024-07-31,0.005046333333333333,0.03060618,0.5039590043579434,0.32716858593756415,0.005046333333333333,0.0,0.03060618,0.01542426,0.060556
synchrony,2024-08-31,0.004872083333333333,0.02841708,0.5073047617841101,0.337960792039282,0.004872083333333333,0.0,0.02841708,0.01441612,0.058465
synchrony,2024-09-30,0.004576333333333333,0.03012346,0.49745713141850234,0.3053916337951912,0.004576333333333333,0.0,0.03012346,0.01498513,0.054916
synchrony,2024-10-31,0.004722416666666666,0.03168179,0.49016075164944906,0.30409974690641334,0.004722416666666666,0.0,0.03168179,0.01552917,0.056669
synchrony,2024-11-30,0.004651833333333333,0.03266865,0.5074075604593394,0.2806312458575446,0.004651833333333333,0.0,0.03266865,0.01657632,0.055822
synchrony,2024-12-31,0.005339083333333334,0.0315702,0.524377735966196,0.3225114383358774,0.005339083333333334,0.0,0.0315702,0.01655471,0.064069
synchrony,2025-01-31,0.0048005,0.03278504,0.5456500891870194,0.2683468648052787,0.004800499999999999,8.673617379884035e-19,0.03278504,0.01788916,0.057606
synchrony,2025-02-28,0.005212166666666667,0.03139025,0.5476789767523355,0.30317783653971064,0.005212166666666667,0.0,0.03139025,0.01719178,0.062546
synchrony,2025-03-31,0.005396499999999999,0.03038249,0.531157913653555,0.3343991473487876,0.005396499999999999,0.0,0.03038249,0.0161379,0.064758
synchrony,2025-04-30,0.005305833333333333,0.02952275,0.5201913778357369,0.3454885393523764,0.005305833333333334,8.673617379884035e-19,0.02952275,0.01535748,0.06367
synchrony,2025-05-31,0.0048955,0.02936062,0.5290286785497037,0.31517562083899614,0.0048955000000000005,8.673617379884035e-19,0.02936062,0.01553261,0.058746
synchrony,2025-06-30,0.00502325,0.02765726,0.5267217359926472,0.3448215501713382,0.00502325,0.0,0.02765726,0.01456768,0.060279
synchrony,2025-07-31,0.004481833333333333,0.02825374,0.5207253977703483,0.304628826580318,0.004481833333333333,0.0,0.02825374,0.01471244,0.053782
synchrony,2025-08-31,0.004695416666666666,0.02772062,0.5078255825446906,0.33354668007838656,0.004695416666666667,8.673617379884035e-19,0.02772062,0.01407724,0.056345
synchrony,2025-09-30,0.0044185,0.02925559,0.4966736271598009,0.3040849304358837,0.0044185,0.0,0.02925559,0.01453048,0.053022
synchrony,2025-10-31,0.00459025,0.03027709,0.49321252471753396,0.3073888504952776,0.00459025,0.0,0.03027709,0.01493304,0.055083
synchrony,2025-11-30,0.0045270833333333335,0.03051629,0.5093600827623541,0.2912472598900225,0.0045270833333333335,0.0,0.03051629,0.01554378,0.054325
synchrony,2025-12-31,0.004776083333333334,0.02751037,0.5192441977334366,0.3343519127825304,0.004776083333333334,0.0,0.02751037,0.0142846,0.057313
synchrony,2026-01-31,0.0039471666666666665,0.02968299,0.5248325724598499,0.25337107741816767,0.003947166666666667,8.673617379884035e-19,0.02968299,0.0155786,0.047366
synchrony,2026-02-28,0.004536333333333333,0.03053253,0.5197364908836576,0.285863664730591,0.004536333333333333,0.0,0.03053253,0.01586887,0.054436
synchrony,2026-03-31,0.0051455,0.02931289,0.5121630791095658,0.3427367517974446,0.005145500000000001,8.673617379884035e-19,0.02931289,0.01501298,0.061746
synchrony,2026-04-30,0.0047555,0.02727613,0.5251654101956547,0.3319841278706103,0.004755500000000001,8.673617379884035e-19,0.02727613,0.01432448,0.057066
synchrony,2026-05-31,0.004510666666666667,0.02675993,0.5360892199643272,0.31442617107599885,0.004510666666666667,0.0,0.02675993,0.01434571,0.054128
synchrony,2026-06-30,0.0043900833333333335,0.02678127,0.5220663545828857,0.3139900535942477,0.0043900833333333335,0.0,0.02678127,0.0139816,0.052681
synchrony,2026-07-31,0.004453083333333333,0.02717178,0.5091116592288029,0.32190645827354475,0.004453083333333333,0.0,0.02717178,0.01383347,0.053437
