ym,pr_amex,d30_amex,pr_bofa,d30_bofa,pr_chase,d30_chase,pr_citi,d30_citi,pr_comet,d30_comet,pr_synchrony,d30_synchrony,six_mean_log30,six_mean_logPR,regime,log_pr_amex_minus_sync,log_d30_amex_minus_sync
2018-12,0.353547,0.00837279,0.1861,0.01679904,0.3446,0.01173574,0.2723,0.01567196,0.3352,0.02113751,0.205968,0.03103757,-4.133243860223459,-1.293415694715728,,0.5402956157342209,-1.3102112438765245
2019-01,0.357623,0.0089975,0.1872,0.01690191,0.3433,0.01210854,0.2996,0.01644876,0.3269,0.02162073,0.207308,0.0329227,-4.093363705048142,-1.278326979166249,pre_covid,0.5452737487939294,-1.297215628485545
2019-02,0.369639,0.00979268,0.1724,0.01696417,0.3209,0.01250001,0.2478,0.01638417,0.3099,0.02160246,0.189821,0.03350803,-4.071192609254058,-1.3530174595066953,pre_covid,0.6664453308440178,-1.2301499437964845
2019-03,0.351763,0.00948154,0.1902,0.0167485,0.3494,0.01225671,0.2822,0.01622744,0.3335,0.0205601,0.203471,0.03238948,-4.097485509968879,-1.2852496798906052,pre_covid,0.5474341647931962,-1.2284869283854194
2019-04,0.37086,0.00920081,0.1859,0.01618763,0.336,0.0118066,0.2752,0.01605801,0.3366,0.0192196,0.208117,0.03092211,-4.135120706431429,-1.285648862821599,pre_covid,0.5777242113417429,-1.2121799383542369
2019-08,0.361225,0.00962773,0.1979,0.01557965,0.3497,0.01144301,0.2792,0.01533767,0.3474,0.01833935,0.222279,0.02841421,-4.168714878040063,-1.254309095011463,pre_covid,0.4855676833083784,-1.0822418958251614
2019-09,0.351976,0.01022751,0.1859,0.01592306,0.3507,0.01168109,0.2696,0.0153009,0.3328,0.01914159,0.210143,0.03022716,-4.134532482418494,-1.290926548537185,pre_covid,0.5157747400998831,-1.0836597093902878
2019-10,0.352185,0.01047511,0.1968,0.01623126,0.3612,0.0115829,0.2958,0.01593217,0.3483,0.0199827,0.207922,0.03172496,-4.106791639041637,-1.2551407541657698,pre_covid,0.5269935963460957,-1.108101785817972
2019-11,0.360244,0.0105359,0.1882,0.01625503,0.3378,0.01170208,0.2495,0.01592546,0.3345,0.01986165,0.200222,0.03296985,-4.098545144497138,-1.3113780528356906,pre_covid,0.5873548286867747,-1.140805034354849
2019-12,0.37013,0.01011475,0.2026,0.01604564,0.3827,0.01125461,0.2893,0.01558353,0.3603,0.01933324,0.249756,0.02395608,-4.1753432166387645,-1.1998844538943567,pre_covid,0.3933698540160747,-0.8622273993067
2020-01,0.374576,0.01036289,0.2047,0.01608561,0.3754,0.01142667,0.2994,0.01586967,0.351,0.01978095,0.21881,0.02602716,-4.147692606042504,-1.2200714781102089,pre_covid,0.5375909462754022,-0.9209094527162405
2020-02,0.375632,0.01048611,0.1892,0.01576425,0.3425,0.01142715,0.2523,0.01539932,0.332,0.01922322,0.195131,0.02785629,-4.147540376504359,-1.3049034110672888,pre_covid,0.6549388128407744,-0.9770072693824585
2020-03,0.339795,0.01099166,0.1905,0.01581197,0.3618,0.0116451,0.2756,0.01555271,0.3351,0.01933681,0.20551,0.02806715,-4.132149474177038,-1.2864285305562777,,0.5028478000387793,-0.9374630499195122
2020-04,0.32088,0.01166074,0.1718,0.01551611,0.3214,0.01268708,0.2467,0.01691503,0.3093,0.01982413,0.19342,0.02784413,-4.09435273463165,-1.3748497160103843,stimulus,0.5062032311729803,-0.8703945284193475
2020-05,0.296594,0.01127828,0.1707,0.01462273,0.3179,0.01196253,0.2224,0.01591714,0.312,0.01829147,0.186463,0.02579264,-4.155895993800132,-1.412801566295795,stimulus,0.4641313722534366,-0.8272104277383336
2020-06,0.334658,0.01075249,0.1848,0.01300138,0.3361,0.0107269,0.2492,0.0147175,0.3438,0.01627188,0.202035,0.0235154,-4.249575492503305,-1.3216638059232233,stimulus,0.5046681651150164,-0.7825181700121702
2020-07,0.34779,0.00969982,0.2015,0.0115999,0.3701,0.00986699,0.2805,0.01417441,0.3861,0.01345291,0.235232,0.01794458,-4.382718540050401,-1.220354635723156,stimulus,0.39102658815874247,-0.6151807908413973
2020-08,0.351224,0.00858497,0.1997,0.01083706,0.3651,0.00945332,0.2609,0.01320466,0.3795,0.01256111,0.216167,0.01700818,-4.453718532436863,-1.2515128170279868,stimulus,0.48537293944868054,-0.6836814049222895
2020-09,0.369331,0.00794951,0.2043,0.01199614,0.3719,0.00983826,0.2847,0.01361757,0.3842,0.01217107,0.215548,0.01794652,-4.434123110929952,-1.2201401738382833,stimulus,0.5385096383691893,-0.8142859327258263
2020-10,0.370278,0.00723265,0.2164,0.013572,0.3816,0.00995396,0.29,0.01384318,0.4033,0.01195097,0.214857,0.02004105,-4.409259843065003,-1.1952069661765645,stimulus,0.544281384305868,-1.0191771726840186
2020-11,0.377107,0.00669801,0.207,0.01462093,0.389,0.01024636,0.2726,0.0139274,0.3855,0.01233152,0.220052,0.02162435,-4.385917986439502,-1.2102156626460772,stimulus,0.5386650847482448,-1.1720095272088513
2020-12,0.407607,0.00628803,0.2328,0.01499118,0.4229,0.00991944,0.327,0.01362588,0.4408,0.01301431,0.229371,0.02334105,-4.379615215271557,-1.1041700883259415,stimulus,0.5749626949361282,-1.3115657868851573
2021-01,0.394144,0.0063505,0.2289,0.0155469,0.414,0.00993112,0.2943,0.01375793,0.4104,0.0138183,0.236718,0.0249007,-4.349326416593162,-1.1403437733329889,stimulus,0.5098467655030812,-1.3663623655630763
2021-02,0.407063,0.00627958,0.2066,0.0150385,0.3809,0.00972517,0.2829,0.01322248,0.3847,0.01380254,0.205645,0.02446603,-4.369973492609437,-1.2067556016351728,stimulus,0.682816583391024,-1.3599825255527054
2021-03,0.412421,0.00560857,0.2545,0.01306292,0.4435,0.00888732,0.3308,0.01248505,0.4584,0.01239346,0.245615,0.02181226,-4.47394327084104,-1.0595778276656893,stimulus,0.5182794029552947,-1.3581764119559905
2021-04,0.442165,0.00498648,0.2389,0.01172759,0.4383,0.00781569,0.3267,0.01116073,0.462,0.0112044,0.250013,0.01928432,-4.588953955152916,-1.0582966283920685,stimulus,0.570170199074534,-1.3525620804508134
2021-05,0.43371,0.00441924,0.2495,0.01031493,0.4556,0.00690943,0.3195,0.00966424,0.4641,0.00983701,0.250827,0.01681138,-4.719574019387891,-1.050243440101387,stimulus,0.5476126495217405,-1.3360883024387764
2021-06,0.464026,0.00419566,0.2547,0.00967038,0.4598,0.00671116,0.358,0.00913112,0.4768,0.00924114,0.256589,0.01566016,-4.775528012746332,-1.0067679015503597,stimulus,0.5924650021539504,-1.3170692499251029
2021-07,0.452579,0.00424077,0.2676,0.00922733,0.4741,0.00642773,0.3557,0.00863069,0.4818,0.00901216,0.266198,0.0134098,-4.828185104422764,-0.9908000967122792,stimulus,0.5307219407522631,-1.151240926409784
2021-08,0.451324,0.00433218,0.2594,0.00895128,0.479,0.00619308,0.3467,0.00795521,0.4741,0.00910775,0.255304,0.01352452,-4.846295770372918,-1.0086568674853358,stimulus,0.5697304931555918,-1.138433454747073
2021-09,0.45511,0.00466343,0.2572,0.00903544,0.4627,0.00635258,0.3552,0.0080275,0.4655,0.00950456,0.238786,0.01434931,-4.809736350865842,-1.024616462745531,stimulus,0.6449713946397072,-1.1239506285392382
2021-10,0.447421,0.00465415,0.2599,0.00930939,0.4729,0.00653202,0.334,0.00788274,0.4632,0.00963344,0.259971,0.01333902,-4.813403843550326,-1.0189967985348762,stimulus,0.5429298994845794,-1.052934279820347
2021-11,0.472387,0.00474161,0.262,0.0091887,0.4684,0.00659236,0.3458,0.00808315,0.4797,0.00969649,0.255141,0.0141937,-4.7953208743002875,-1.0017046930398001,stimulus,0.6159822313736462,-1.09642146370628
2021-12,0.487395,0.00473255,0.2867,0.0089,0.5109,0.00660901,0.393,0.00803547,0.5058,0.00984176,0.270079,0.01512296,-4.788478031846693,-0.9273635145239328,stimulus,0.5903603738298173,-1.1617499495013694
2022-01,0.458378,0.00501992,0.2617,0.00932852,0.4705,0.00703081,0.3377,0.00828385,0.4608,0.01039618,0.252028,0.01676628,-4.729103898168332,-1.018863417479717,normalising,0.5981539787794788,-1.2059557292197676
2022-02,0.486748,0.00529483,0.245,0.00953882,0.4496,0.0072302,0.3328,0.00848712,0.4426,0.01065344,0.227303,0.01788521,-4.692959605924533,-1.0537794272764365,normalising,0.7614626061708135,-1.2172432415472052
2022-03,0.483243,0.00496884,0.2825,0.00926375,0.5071,0.00708228,0.3926,0.00865641,0.4905,0.01015836,0.248751,0.01789737,-4.716398260656015,-0.9514927184665004,normalising,0.6640672365963252,-1.2814673622135135
2022-04,0.502344,0.00469873,0.2679,0.0087794,0.4745,0.00703547,0.3417,0.00821725,0.4915,0.0095719,0.247547,0.01782057,-4.755074352499048,-0.9885625956067567,normalising,0.7076846810030416,-1.333061148627083
2022-05,0.481483,0.00454192,0.2742,0.00839807,0.5102,0.00670286,0.3684,0.0078383,0.4871,0.00942289,0.260719,0.01704946,-4.79406054730626,-0.9599863720988576,normalising,0.6134277252909467,-1.3227687015316434
2022-06,0.502725,0.00456167,0.2762,0.00842787,0.491,0.00656069,0.3848,0.00792813,0.4953,0.00959554,0.259338,0.01744684,-4.787554815476214,-0.9488165692697078,normalising,0.6619110707051428,-1.3414697588733207
2022-07,0.474866,0.00464118,0.2721,0.00854483,0.4976,0.00660921,0.3564,0.00789881,0.4758,0.00990592,0.254823,0.01812969,-4.770062812964416,-0.9809853912901086,normalising,0.6224634724721281,-1.362582281637593
2022-08,0.482613,0.00476186,0.2769,0.00876386,0.4936,0.00657109,0.3754,0.008204,0.4994,0.01027831,0.255682,0.01896272,-4.7425740863086325,-0.9594334490085105,normalising,0.6352806054252581,-1.3818365982326095
2022-09,0.484774,0.00521743,0.2647,0.00915793,0.4812,0.00692655,0.3608,0.00856029,0.4734,0.0111471,0.245737,0.02031874,-4.679114608442273,-0.9925737389994694,normalising,0.679420944613744,-1.3595386694216378
2022-10,0.463166,0.00543511,0.2593,0.00976126,0.4774,0.00728817,0.345,0.00899969,0.4629,0.01176757,0.242162,0.02129707,-4.627978476408462,-1.0185738929244141,normalising,0.648478597465064,-1.3656897450090746
2022-11,0.481801,0.00557367,0.2559,0.01015475,0.4697,0.00730639,0.3498,0.00972346,0.4651,0.01167384,0.241051,0.02177072,-4.601554859170349,-1.0145828406318345,normalising,0.6925226363687064,-1.362512223873244
2022-12,0.486504,0.00577299,0.2742,0.01033427,0.4896,0.00762124,0.3696,0.0100046,0.4854,0.01247289,0.2537,0.02071985,-4.5782070387939475,-0.9697154920525222,normalising,0.6510926569808566,-1.2779020341071705
2023-01,0.476057,0.00615213,0.2623,0.01090463,0.4907,0.0082878,0.3584,0.01059007,0.4587,0.01360594,0.25227,0.02221847,-4.509069021713968,-0.9958543706243242,normalising,0.6350376524484561,-1.2841255616355705
2023-02,0.498951,0.0066302,0.2422,0.0114456,0.4528,0.00877651,0.3316,0.01113891,0.4351,0.01458464,0.22296,0.02356799,-4.449151625599886,-1.0570519541977064,normalising,0.8055155113634588,-1.268254465760735
2023-03,0.485647,0.00645178,0.2753,0.01152762,0.5083,0.00882557,0.3955,0.01174472,0.4746,0.01488825,0.239436,0.02377533,-4.437858658276721,-0.9652011876304248,normalising,0.7071958647826954,-1.3042924267338183
2023-04,0.488656,0.00633465,0.2476,0.01167924,0.4677,0.00871382,0.3252,0.01130358,0.4523,0.01473971,0.237658,0.0239591,-4.447626836759299,-1.037602097218895,normalising,0.720826099993417,-1.3303136463093588
2023-05,0.483131,0.00627142,0.2728,0.01153102,0.4951,0.00852105,0.3741,0.01145051,0.4838,0.01482396,0.242456,0.02445159,-4.448662366009484,-0.9759550261666026,normalising,0.6894675877950112,-1.3606924401990432
2023-06,0.502299,0.00643488,0.267,0.0120295,0.4944,0.00879474,0.3761,0.01179009,0.4804,0.01453204,0.244311,0.02552098,-4.423361104195087,-0.9723043983164037,normalising,0.7207535560552324,-1.3777676661376326
2023-07,0.468785,0.00667609,0.2623,0.01242227,0.4859,0.00893212,0.3542,0.01206921,0.46,0.01544481,0.237335,0.02664236,-4.388070258741158,-1.0117224740702124,squeeze,0.6806715959727518,-1.383969943501898
2023-08,0.478509,0.00685499,0.2636,0.01257501,0.4888,0.00895738,0.3873,0.01283266,0.4716,0.01617344,0.241876,0.02758272,-4.35746869515484,-0.9842857484311969,squeeze,0.6822498213511308,-1.392212635468291
2023-09,0.478005,0.00732365,0.2552,0.01304058,0.4666,0.00945959,0.3325,0.01331839,0.4511,0.01742507,0.228331,0.02999304,-4.2987177741663904,-1.0400442225121675,squeeze,0.7388248621239946,-1.409856517169553
2023-10,0.463003,0.0076757,0.2537,0.01373817,0.4888,0.00977563,0.3566,0.01402456,0.4477,0.01850087,0.235498,0.03062318,-4.254669410065433,-1.023041962392658,squeeze,0.6760311126954756,-1.38369774400147
2023-11,0.476479,0.0079038,0.2507,0.01406632,0.4712,0.00990895,0.3575,0.01456976,0.4487,0.01884616,0.230481,0.03112734,-4.231437080096778,-1.0291516801612686,squeeze,0.7262552212313454,-1.3707428762001346
2023-12,0.474769,0.00769795,0.2652,0.01422968,0.4952,0.0100057,0.3505,0.01437732,0.4555,0.01937583,0.252922,0.02753235,-4.250342117426806,-0.9974032933804754,squeeze,0.6297472291573655,-1.2744076172884342
2024-01,0.475038,0.00821495,0.279,0.01353814,0.4819,0.01065677,0.373,0.01504512,0.4554,0.02025559,0.235995,0.02964419,-4.210019851030829,-0.9946038793260676,squeeze,0.6995841824743154,-1.2833104884165758
2024-02,0.487129,0.00819471,0.2493,0.01391184,0.4599,0.00796709,0.3479,0.01495313,0.4327,0.02046091,0.218389,0.03074876,-4.247616119904655,-1.0500165046761463,squeeze,0.8022510987679016,-1.322360844097909
2024-03,0.473313,0.00806411,0.2679,0.01406023,0.5025,0.00793645,0.3624,0.01476918,0.445,0.01967524,0.228866,0.03051798,-4.25901206957308,-1.0087676363948137,squeeze,0.7266202238109333,-1.3308926660093956
2024-04,0.494372,0.0078429,0.2671,0.01393641,0.489,0.0081248,0.3632,0.01442915,0.4652,0.01898244,0.233636,0.02860801,-4.2818409169541125,-0.9953453963375742,squeeze,0.7495239215660409,-1.294078084617499
2024-05,0.486377,0.0076223,0.2778,0.01376623,0.5161,0.00815217,0.3908,0.01415451,0.4712,0.01860333,0.239086,0.02875718,-4.293781582991738,-0.9643406304531528,squeeze,0.7101607235064629,-1.3278093137689773
2024-06,0.48458,0.007586,0.2593,0.01405901,0.489,0.00819663,0.3474,0.01375735,0.4472,0.01865527,0.234108,0.02986322,-4.288151855922889,-1.0172726054171717,squeeze,0.7274999890361581,-1.3703231796010558
2024-07,0.47495,0.00779482,0.2768,0.01422033,0.5037,0.0083309,0.3913,0.01438018,0.4698,0.01900766,0.232389,0.03060618,-4.26442221069875,-0.9779752948247774,squeeze,0.7147968436645248,-1.3677425388336584
2024-08,0.481669,0.00785336,0.2699,0.01432082,0.4885,0.00844346,0.3681,0.01447628,0.4652,0.01913111,0.243496,0.02841708,-4.269944330332413,-0.9889934916526998,squeeze,0.6821566408743515,-1.2860489071490284
2024-09,0.474646,0.00829314,0.2526,0.01478083,0.4895,0.0087155,0.3567,0.01444948,0.4375,0.01997018,0.229487,0.03012346,-4.2337443379070825,-1.0274920929662004,squeeze,0.726722880014061,-1.2898756031381442
2024-10,0.473455,0.00826967,0.265,0.01522975,0.496,0.00873227,0.3944,0.01517608,0.4539,0.02020407,0.22761,0.03168179,-4.210385719486623,-0.9962154799702768,squeeze,0.7324232331329246,-1.3431474629006388
2024-11,0.484576,0.00829167,0.2567,0.01506464,0.4719,0.00874668,0.3395,0.01520384,0.4447,0.02014766,0.222539,0.03266865,-4.20653395321236,-1.038100998974745,squeeze,0.7781719146289756,-1.3711645060586224
2024-12,0.498582,0.00811369,0.2771,0.01463511,0.5306,0.00837228,0.3968,0.01455789,0.4736,0.01974591,0.246877,0.0315702,-4.238556016094711,-0.9472818358494296,squeeze,0.7028778324663711,-1.3586608791943346
2025-01,0.492229,0.00827315,0.2727,0.01484328,0.5059,0.00875472,0.4019,0.01481294,0.4575,0.02027221,0.238238,0.03278504,-4.2119419503299484,-0.9696043245347078,squeeze,0.7256738813552946,-1.3769569824709187
2025-02,0.51097,0.00831496,0.2494,0.01505271,0.4718,0.00908699,0.3464,0.0146328,0.4275,0.02037393,0.217013,0.03139025,-4.211009091390205,-1.0415169781604388,squeeze,0.8563536204852669,-1.3284410330919574
2025-03,0.483925,0.0080975,0.2739,0.01466648,0.5113,0.00892175,0.3863,0.01441444,0.4527,0.01927935,0.226949,0.03038249,-4.239964675963619,-0.986385485459366,squeeze,0.7572046133957271,-1.3223110835625782
2025-04,0.505588,0.0079642,0.2641,0.01415251,0.4914,0.00886663,0.3796,0.01412486,0.4613,0.01816265,0.232953,0.02952275,-4.267820597336075,-0.9872033187248985,squeeze,0.7748853918938269,-1.3102046536798206
2025-05,0.496719,0.00784518,0.2775,0.01367044,0.5043,0.00851447,0.3937,0.01386371,0.4711,0.01755434,0.232864,0.02936062,-4.292566544777819,-0.9680667936592192,squeeze,0.7575698816832995,-1.31975499021712
2025-06,0.497907,0.00780705,0.2644,0.01384654,0.5062,0.00844171,0.3767,0.01369927,0.4569,0.01773254,0.242348,0.02765726,-4.3029420079536385,-0.9809058387016233,squeeze,0.7200386028673149,-1.2648610896889645
2025-07,0.492207,0.00788666,0.2786,0.01374037,0.5143,0.00859703,0.4178,0.01411042,0.4692,0.01789949,0.239344,0.02825374,-4.289448724810153,-0.9518524477525828,squeeze,0.7209975120847528,-1.2760531136370443
2025-08,0.489061,0.00765018,0.2696,0.01356236,0.5018,0.00834766,0.3629,0.01350451,0.4588,0.01789256,0.244204,0.02772062,-4.31215628331298,-0.9863596323030096,squeeze,0.6944832845123842,-1.2874473636205455
2025-09,0.49768,0.00789581,0.2677,0.01342268,0.4936,0.00853467,0.3891,0.01385208,0.4599,0.01862769,0.230511,0.02925559,-4.284993613064967,-0.984972985398571,squeeze,0.7696587165660028,-1.309738427504525
2025-10,0.490685,0.007783,0.272,0.01384108,0.5142,0.00881806,0.4077,0.01432486,0.4641,0.01866512,0.2313,0.03027709,-4.2651837635131145,-0.9679946189003633,squeeze,0.7520868048157313,-1.3584494529354947
2025-11,0.487797,0.00757676,0.25,0.01398709,0.481,0.00858574,0.3471,0.01400444,0.4321,0.01865203,0.227608,0.03051629,-4.274936418083198,-1.0355682222330735,squeeze,0.7622744846820709,-1.3931749717520105
2025-12,0.511365,0.00738381,0.2887,0.01367269,0.5299,0.00841957,0.431,0.01418571,0.4913,0.01839676,0.252556,0.02751037,-4.3037183385138205,-0.9127626035343174,squeeze,0.7054506146337606,-1.3152732589421556
2026-01,0.502034,0.00762913,0.2745,0.01393762,0.5016,0.00884193,0.4003,0.01456421,0.4584,0.01882957,0.242948,0.02968299,-4.265981868455025,-0.963717619512015,squeeze,0.7258204178103882,-1.3586003392609203
2026-02,0.523124,0.00791404,0.2547,0.01430886,0.4854,0.00920874,0.3755,0.01451095,0.4323,0.01878101,0.22545,0.03053253,-4.24505314254633,-1.0076961335361894,squeeze,0.8417201247858112,-1.35015427533764
2026-03,0.49719,0.00752275,0.2791,0.01380406,0.5412,0.00896635,0.4133,0.01438239,0.4618,0.01758147,0.24555,0.02931289,-4.283213513182307,-0.9415656965545026,squeeze,0.7054716543183087,-1.360095588419766
2026-04,0.521165,0.00699581,0.2704,0.01318144,0.5098,0.00865782,0.4161,0.01391639,0.4709,0.0165261,0.251981,0.02727613,-4.336654557479665,-0.9402698477381147,squeeze,0.7267130024278199,-1.3607005623304387
2026-05,0.505064,0.00669223,0.2742,0.01298398,0.5255,0.00823884,0.3954,0.01302204,0.4658,0.01596632,0.252796,0.02675993,-4.374829707539399,-0.9479002424965691,squeeze,0.6921023145560095,-1.3859584674818048
2026-06,0.522926,0.00665926,0.2797,0.01281611,0.5183,0.008106,0.4193,0.01306534,0.4841,0.01593371,0.250578,0.02678127,-4.380185521573465,-0.9263619142343349,squeeze,0.7356697133556827,-1.3916943953210161
2026-07,0.507944,0.00654288,0.2848,0.01264362,0.5356,0.00808735,0.4384,0.01329899,0.4798,0.01622984,0.252915,0.02717178,-4.3773303058895126,-0.9152385208864967,squeeze,0.6973177413834971,-1.4238014992177739
