lender,score_b,at_risk,d_chargeoff,d_competing,aj_chargeoff,aj_lo95,aj_hi95,km_chargeoff,n_loans,entry_age_median
americredit,360,0,0,0,0.0,,,0.0,1,64.0
americredit,380,3,0,0,0.0,0.0,0.0,0.0,4,8.0
americredit,400,5,0,1,0.0,0.0,0.0,0.0,11,18.0
americredit,420,15,0,0,0.0,0.0,0.0,0.0,33,16.0
americredit,440,82,0,1,0.011878499915153573,0.0,0.04046536796536798,0.012048192771084376,185,21.0
americredit,460,403,5,1,0.04821947793644438,0.027320532991399363,0.0704240773783392,0.050198689463458956,734,9.0
americredit,480,1263,6,15,0.03341887646661033,0.022414612492134472,0.04703759190366456,0.03511930891812853,2295,9.0
americredit,500,2700,14,24,0.03568716681095226,0.028209940047874416,0.042515015898940675,0.03718472489859437,4581,9.0
americredit,520,3939,26,32,0.03410892798768827,0.02819368880000478,0.04099435608518547,0.03628033107393569,6542,9.0
americredit,540,5174,29,42,0.03278639640726214,0.027778169248150113,0.03777908437437021,0.03437540995989152,8393,8.0
americredit,560,5530,18,77,0.03108129770465159,0.02558056232418114,0.03697058621671551,0.032763801072686505,9225,9.0
americredit,580,5695,38,68,0.031377357960743826,0.026970407712129784,0.03649233817925516,0.034089539853069284,9357,9.0
americredit,600,5832,30,74,0.024345149731261916,0.019909237418082502,0.02823401178186996,0.026921905482123587,9532,9.0
americredit,620,9719,25,142,0.01476319420395782,0.011948887951627657,0.017305479924625725,0.01603770888053091,15169,8.0
americredit,640,1675,15,20,0.03339860162020349,0.024085628659940905,0.04307517677131169,0.0353001945064948,2643,8.0
americredit,660,1244,9,16,0.019895134714491697,0.012640504596679291,0.02774252399729305,0.022906055824551852,1872,8.0
americredit,680,574,3,7,0.02168753652369807,0.007486598649561632,0.035884301462992395,0.02642446934765308,787,7.0
americredit,700,304,1,7,0.029780565214996488,0.011347685762932422,0.04659332801469989,0.030907426548092864,408,7.0
americredit,720,171,1,9,0.026453934884084075,0.005207249859078168,0.05345233391666301,0.029038593554402636,254,9.0
americredit,740,64,1,1,0.04307956560283687,0.0,0.1046726097474916,0.04954879679144386,95,8.0
americredit,760,31,0,0,0.0,0.0,0.0,0.0,38,9.0
americredit,780,8,0,0,0.0,0.0,0.0,0.0,11,10.0
americredit,820,2,0,0,0.0,0.0,0.0,0.0,2,10.0
americredit,840,1,0,0,0.0,,,0.0,1,10.0
americredit,none,292,1,6,0.04450759222831632,0.0233840283161594,0.0771925888509989,0.04790890831874506,492,9.0
capone,700,1073,1,13,0.0008820836518569488,0.0,0.002716930922752514,0.0009319664492077884,3243,15.0
capone,720,1566,0,27,0.0010521666948408307,0.0,0.0031971413586218346,0.0010729613733905241,5158,15.0
capone,740,3890,1,50,0.0009522765713327268,0.0,0.0021250333179325116,0.0009895202710624718,8953,13.0
capone,760,4624,2,71,0.0009132724815938059,0.0002515601273789814,0.001963102988537001,0.0009626598545262599,10635,13.0
capone,780,5289,3,105,0.0005321018538161405,0.0,0.0012442462921692335,0.0005672149744753163,12681,13.0
capone,800,6042,4,132,0.0008848544245642111,0.0001575084080048066,0.001699565651766268,0.0009362744723997452,14016,13.0
capone,820,5315,1,100,0.00017359986131700202,0.0,0.0005275494500046362,0.00018814675446843232,12277,13.0
capone,840,2280,0,50,0.0022522522522522522,0.0,0.006914864981265344,0.0022522522522522292,5087,13.0
capone,860,184,0,4,0.0,0.0,0.0,0.0,417,13.0
capone,880,1,0,0,0.0,0.0,0.0,0.0,2,12.0
carmax,640,2223,3,33,0.007515667404102411,0.0044590194812679585,0.01064599147712853,0.008261032925289569,5550,4.0
carmax,660,4731,6,81,0.005584780270882614,0.004006115156487704,0.0075952840820113785,0.006116119565051981,11531,4.0
carmax,680,4981,8,86,0.004460547398123968,0.0030296584834626906,0.006150866289681913,0.00492650905543901,11983,4.0
carmax,700,5183,4,67,0.003368523413992586,0.0019070544961002176,0.004811851639133348,0.0037221649329365336,12575,4.0
carmax,720,5401,2,111,0.001685318333594714,0.0006215645090539158,0.0025171160213211885,0.0018688786073849384,13087,4.0
carmax,740,5596,2,78,0.0029625400761797444,0.0015839583788798265,0.004168595046834497,0.00328638419955829,13224,4.0
carmax,760,5878,1,94,0.0010516610418810557,0.0003909539090249141,0.0019654787101793915,0.0011348623446560957,13649,4.0
carmax,780,5803,1,97,0.0008289555533619365,0.00024413114687877227,0.0014446271322483524,0.0009120011216463553,13360,4.0
carmax,800,5713,0,103,0.00038963644610895106,0.0,0.0008894006977465136,0.00041652556273485963,13040,4.0
carmax,820,5165,0,103,0.00013713073005687222,0.0,0.0005435827780417368,0.0001465630954126107,11825,4.0
carmax,840,4129,1,64,0.0009689333209095441,0.00035565975766312465,0.0019496254674627237,0.0010700615984582384,9573,3.0
carmax,860,2100,0,36,0.00028350991380920125,0.0,0.000849292751504779,0.0003011141222523106,5096,3.0
carmax,880,308,0,5,0.0,0.0,0.0,0.0,792,3.0
carmax,900,11,0,0,0.0,0.0,0.0,0.0,22,4.5
exeter,360,4,0,0,0.0,0.0,0.0,0.0,4,3.0
exeter,380,2,0,0,0.0,0.0,0.0,0.0,7,3.0
exeter,400,26,0,0,0.0162898265779391,0.0,0.04909785353535353,0.01754385964912286,71,3.0
exeter,420,75,0,0,0.05997540654883962,0.029995982941180277,0.09764045217926247,0.0658898164206062,210,3.0
exeter,440,212,4,2,0.07550277702776044,0.049180221607949125,0.10315539336713515,0.07872609214564585,560,3.0
exeter,460,555,5,6,0.05803956182729515,0.04315466495844364,0.07548189046403093,0.06263284150444293,1290,3.0
exeter,480,1330,17,14,0.05100665147731241,0.041878716884830795,0.06088536913464369,0.05402746455886365,2700,3.0
exeter,500,2428,41,22,0.06182928747853572,0.052828403082848856,0.06943203382847772,0.06775261614984751,4747,3.0
exeter,520,4453,61,34,0.06251440235868894,0.055979678464270814,0.06827642962513193,0.06703008611040429,8250,3.0
exeter,540,7215,93,86,0.06371880250553034,0.05950712854116769,0.06876319286432866,0.06897839652794724,13033,3.0
exeter,560,9344,112,90,0.05854799001112527,0.054210887346193025,0.06286898833913174,0.06437149176118229,17323,3.0
exeter,580,9911,128,100,0.06013365911948423,0.05609264082089577,0.06344706549208683,0.06601522090396317,18302,3.0
exeter,600,9003,109,120,0.05790999576969909,0.05394257393558955,0.06143290263379523,0.06259840649991466,16863,3.0
exeter,620,9009,103,117,0.056032017271328054,0.05229913658392876,0.05943760539247305,0.06235359498606585,17442,3.0
exeter,640,5282,63,74,0.051452346365496594,0.04735313377050219,0.056682992628930014,0.05757193800735905,7440,3.0
exeter,660,3284,34,52,0.050644179644336484,0.045540143568768315,0.05769689961329721,0.05496568214087205,4535,3.0
exeter,680,2193,20,34,0.04697819469133301,0.04042755041679688,0.056914190215229976,0.05329082181007794,3060,3.0
exeter,700,1108,12,20,0.058012322172124126,0.04536266498140316,0.06962330215487866,0.06383855544493766,1617,3.0
exeter,720,603,7,8,0.05350062256921313,0.04213783039358636,0.06837128033863048,0.06058668170644399,867,3.0
exeter,740,263,2,4,0.05220284367754339,0.0271291201619423,0.07590644789255471,0.05852465419096975,383,3.0
exeter,760,127,0,1,0.054589490272711955,0.025306988451371595,0.08605074356121029,0.06894589052163447,203,3.0
exeter,780,129,0,3,0.02204890125202891,0.0052705720303266555,0.044164724729717664,0.024622819139049734,180,3.0
exeter,800,56,0,3,0.024418557973308375,0.0,0.06009199592199377,0.030714285714285694,82,3.0
exeter,820,30,0,0,0.0,0.0,0.0,0.0,47,2.0
exeter,840,5,0,0,0.0,0.0,0.0,0.0,7,2.0
exeter,none,347,3,8,0.04050578847973032,0.023094369624231087,0.05821155824064018,0.04509674734296876,1530,60.0
honda,400,1,0,0,0.0,0.0,0.0,0.0,2,38.5
honda,420,1,0,0,0.0,,,0.0,1,7.0
honda,440,3,0,0,0.0,0.0,0.0,0.0,11,18.0
honda,460,15,0,0,0.0,0.0,0.0,0.0,38,19.0
honda,480,21,0,0,0.0,0.0,0.0,0.0,62,17.5
honda,500,49,0,0,0.0,0.0,0.0,0.0,148,17.5
honda,520,98,1,0,0.029255639773983624,0.0,0.08062504571721162,0.030824829931972886,269,18.0
honda,540,144,0,2,0.006647801834344678,0.0,0.019999281842429262,0.007042253521126751,399,17.0
honda,560,231,1,5,0.01340788202432492,0.0,0.027681649698701696,0.013634340737144424,574,16.0
honda,580,316,1,5,0.01588098813836667,0.003218096290645722,0.030183090745557146,0.016961129509367234,772,15.0
honda,600,419,1,6,0.014135180028907075,0.002393119760695038,0.024157793187787827,0.014889917037888445,680,9.0
honda,620,815,2,8,0.004350196516590851,0.0,0.01118029393645072,0.0045992479715021295,1400,9.0
honda,640,1207,1,11,0.004780342593911619,0.0008436103249255995,0.00887490489810826,0.005008299434088759,2220,10.0
honda,660,2067,0,22,0.001021296699142064,0.0,0.0025952003793738615,0.001086755171349152,4163,12.0
honda,680,3241,1,51,0.0013322948454309435,0.00028910748615206124,0.002669820905464457,0.0013884061284534788,6230,11.0
honda,700,3689,2,50,0.0007927958510447672,0.0,0.0018958955215668863,0.0008777661284405935,8023,13.0
honda,720,4442,3,61,0.0019325002631377542,0.0006687355335020395,0.0033904319696771855,0.0021132908195025113,8911,11.0
honda,740,4924,1,66,0.0005493869153389676,0.00015746726350904903,0.001129796347589466,0.0006311738032741543,9463,10.0
honda,760,5534,0,78,0.0005191436852736442,0.0,0.001238540681847218,0.0005878677989125114,10812,10.0
honda,780,6132,0,89,0.00022799884304338628,0.0,0.0007395029831605765,0.00026336581511721135,11444,10.0
honda,800,5910,0,89,0.0,0.0,0.0,0.0,10096,9.0
honda,820,6377,0,94,0.0,0.0,0.0,0.0,10684,9.0
honda,840,6016,0,78,0.0,0.0,0.0,0.0,9853,9.0
honda,860,4224,0,59,0.0,0.0,0.0,0.0,6535,9.0
honda,880,885,0,9,0.0,0.0,0.0,0.0,1283,8.0
santander,360,0,0,0,0.0,,,0.0,1,2.0
santander,380,4,0,0,0.0,0.0,0.0,0.0,9,4.0
santander,400,19,0,0,0.09427611526306931,0.0,0.2124203188095966,0.09838998211091232,83,4.0
santander,420,94,2,1,0.03889129959487208,0.008744355800718017,0.06842467578732728,0.04602775444772511,288,3.0
santander,440,273,0,0,0.055043850886658655,0.02975260362509114,0.0774826173789918,0.06033586389931844,768,3.0
santander,460,603,4,8,0.04256547065997605,0.03149923050314592,0.05533484925359853,0.048163785911581214,1877,3.0
santander,480,1184,14,15,0.04681045690243798,0.03730581268337024,0.058654682504888124,0.05090668867964421,3610,3.0
santander,500,2444,38,23,0.05190438798144384,0.04406511863903813,0.058695158349681226,0.05659595609688428,6818,3.0
santander,520,3386,38,39,0.05301709959554107,0.04646598857804017,0.05932853554645075,0.05796631492301185,9979,3.0
santander,540,4958,51,58,0.04651098243729912,0.041919625393551874,0.05164348748108263,0.05083109202514913,14121,3.0
santander,560,6415,59,88,0.04871398649380501,0.044570947521167796,0.053655138257569075,0.05357363757763278,17945,3.0
santander,580,7416,84,108,0.04636078703040518,0.04239055083482822,0.050418673486178504,0.051382337361460584,21118,3.0
santander,600,8324,87,145,0.043474734069718066,0.03958453293139161,0.04747589805091352,0.04844449593493361,21994,3.0
santander,620,7171,63,138,0.04228421217087671,0.03809461030968205,0.04605740622080035,0.04728917232758689,18040,3.0
santander,640,3532,41,75,0.0513464581213007,0.04618012393850512,0.058513297097273764,0.05791300680089395,11184,3.0
santander,660,2125,20,49,0.04881676333598564,0.04171390828867846,0.05739652573447365,0.05498128120081047,7370,4.0
santander,680,1471,14,30,0.04293745230161723,0.0343314746728797,0.050780184085239245,0.04818522394722713,5509,4.0
santander,700,1061,10,20,0.029408912232253632,0.021434385729150275,0.036847907370798086,0.03352890694184507,4033,6.0
santander,720,747,7,14,0.02630431322024673,0.01743768527223301,0.03725044691186619,0.030420468976335435,3093,12.0
santander,740,511,5,11,0.03807546883150549,0.02497111569010943,0.052190190343565764,0.04279689305547618,2257,40.0
santander,760,347,1,2,0.020122466435181143,0.007016918361646378,0.03491014594275232,0.0231590780407136,1627,52.0
santander,780,250,0,5,0.010902842308215806,0.0024177072860753933,0.022129523139210856,0.01359858117437307,1354,54.0
santander,800,231,0,5,0.007320304474110046,0.0,0.01964728570619951,0.008052153426602815,1212,54.0
santander,820,166,0,4,0.0,0.0,0.0,0.0,1029,55.0
santander,840,113,1,0,0.00714683416129795,0.0,0.021203884281725722,0.008849557522123908,882,56.5
santander,860,71,0,0,0.021094821684903273,0.0,0.051486565854189786,0.0260006842285323,553,61.0
santander,880,23,0,0,0.0,0.0,0.0,0.0,180,64.0
santander,900,0,0,0,0.0,0.0,0.0,0.0,7,66.0
santander,none,9165,107,293,0.045397450478876084,0.04203434203381706,0.048743088204349846,0.05366907193049619,28468,3.0
toyota,620,445,0,6,0.0,0.0,0.0,0.0,970,13.0
toyota,640,773,0,20,0.003986072834655208,0.0,0.009551002265608895,0.004524434802466337,1672,13.0
toyota,660,1153,2,20,0.0034522311820588377,0.0007127122091708172,0.0075287911950583045,0.003835799853687427,2659,14.0
toyota,680,1872,0,29,0.0011384154489276735,0.0,0.003526263841059613,0.0012062726176115257,4352,14.0
toyota,700,2436,2,31,0.0012387993514411844,0.0,0.00263859372926451,0.0013576340569934064,5655,14.0
toyota,720,3003,4,47,0.0019306592147933913,0.0006327649701389083,0.00376265512053399,0.0021223024922665257,6962,14.0
toyota,740,3164,2,50,0.0016224669501692778,0.0005471101248249518,0.0036712738268042744,0.0018241547405957181,6863,13.0
toyota,760,3104,0,43,0.00032080901891468863,0.0,0.0009703030077441231,0.00035236081747713754,6907,13.0
toyota,780,3202,0,63,0.00029707092934065356,0.0,0.0009379129227426174,0.0003415300546447675,6879,13.0
toyota,800,3279,1,69,0.0002601609647227644,0.0,0.000807458116049564,0.0003049710277523987,7005,12.0
toyota,820,3381,0,70,0.0,0.0,0.0,0.0,6898,12.0
toyota,840,3118,0,63,0.0,0.0,0.0,0.0,6400,12.0
toyota,860,2170,0,30,0.0,0.0,0.0,0.0,4355,12.0
toyota,880,773,0,10,0.0,0.0,0.0,0.0,1469,11.0
toyota,900,47,0,1,0.0,0.0,0.0,0.0,86,11.0
