lender,age,at_risk,d_chargeoff,d_competing,aj_chargeoff,aj_lo95,aj_hi95,km_chargeoff,n_loans,entry_age_median
americredit,0,0,0,0,0.0,0.0,0.0,0.0,72665,9.0
americredit,1,0,0,0,0.0,0.0,0.0,0.0,72665,9.0
americredit,2,816,0,9,0.0,0.0,0.0,0.0,72665,9.0
americredit,3,8345,0,75,0.0,0.0,0.0,0.0,72665,9.0
americredit,4,14847,10,134,0.0006601214363504659,0.00026497082721303516,0.001178761727768256,0.0006735367414292259,72665,9.0
americredit,5,20483,30,181,0.002081656193758204,0.001501136915247534,0.0027887390410688503,0.002137179464553607,72665,9.0
americredit,6,25471,73,268,0.0048346782449253944,0.003967168701470552,0.005616682487635356,0.004997058774321106,72665,9.0
americredit,7,30089,105,333,0.008141881321147355,0.006962516814287816,0.009326407084649792,0.00846926818070537,72665,9.0
americredit,8,35028,120,414,0.011341342271996712,0.010106135631506613,0.012675416233985522,0.011866084665184018,72665,9.0
americredit,9,40154,175,484,0.015349532833492163,0.013811501405804767,0.0167166010323513,0.016172590497320116,72665,9.0
americredit,10,44332,167,467,0.01875715611751607,0.017184258659474504,0.02016770599088545,0.019878698441625486,72665,9.0
americredit,11,44936,213,531,0.02298366570860236,0.021437231591646747,0.024360363632434764,0.0245245466976326,72665,9.0
americredit,12,44726,222,543,0.027336166184692808,0.025574980231532162,0.028973854782525097,0.029366373613366803,72665,9.0
americredit,13,44574,236,593,0.03189951650459219,0.029897538830735843,0.03353158999699488,0.034505457739252954,72665,9.0
americredit,14,44511,285,541,0.03731550504208945,0.0352005460958634,0.03915344975839744,0.040687433982076304,72665,9.0
americredit,15,44227,292,573,0.04279651494388285,0.04070702223755194,0.044619060692177685,0.047021105026398335,72665,9.0
americredit,16,43883,277,523,0.04793423574249098,0.04586014092331047,0.049783765808161115,0.053036535920085726,72665,9.0
americredit,17,43451,305,583,0.053543381566968175,0.05122684571839238,0.05554108861271338,0.05968365236261575,72665,9.0
americredit,18,42888,293,521,0.05889100661261328,0.05675621966641405,0.061166892463298574,0.06610765650964412,72665,9.0
americredit,19,42488,309,560,0.06447569984032375,0.06223537499431931,0.06693680200790841,0.07289952089814244,72665,9.0
americredit,20,42039,300,556,0.06984356207837228,0.06748513876420308,0.07250192811851365,0.07951552374622539,72665,9.0
americredit,21,41644,327,554,0.07562976155246248,0.07312925685493973,0.07836827251235826,0.0867434178902794,72665,9.0
americredit,22,41207,323,507,0.08128359892707168,0.07874693949588439,0.08409111268454868,0.09390195590618544,72665,9.0
americredit,23,40927,349,491,0.0873104485216518,0.08503610161987742,0.08988918300934544,0.10162859644638489,72665,9.0
americredit,24,40619,314,495,0.09266186686894175,0.09050396597613808,0.09520092930508389,0.10857334202642965,72665,9.0
americredit,25,40240,345,511,0.09847877970086236,0.0959817292964526,0.10105037848650525,0.116216040759056,72665,9.0
americredit,26,39608,326,465,0.10394425543267102,0.1014186747795679,0.10667870241325328,0.12349016645872646,72665,9.0
americredit,27,38955,337,486,0.10957413403172349,0.10695943280086057,0.11257441179424231,0.13107285966636117,72665,9.0
americredit,28,38242,356,521,0.11550431728784086,0.1127883188920553,0.11874655938739961,0.13916182106897546,72665,9.0
americredit,29,36976,350,471,0.12139588968932029,0.11862807986408125,0.12451847902681808,0.14731017033947136,72665,9.0
americredit,30,31858,277,441,0.1266875602855025,0.12395962613436395,0.13007880882964756,0.15472416628447627,72665,9.0
americredit,31,27383,239,404,0.13187972564584716,0.12886900406327442,0.13520704674025583,0.16210177006266013,72665,9.0
americredit,32,23404,240,317,0.13783680204171198,0.1350512819327757,0.1413261754168343,0.1706941292826637,72665,9.0
americredit,33,19954,173,267,0.14275342885087805,0.1399670337107052,0.1462742622389708,0.1778841621399404,72665,9.0
americredit,34,16837,136,221,0.14723305363655792,0.14439081183827965,0.15063878699966812,0.1845247604620267,72665,9.0
americredit,35,13568,119,177,0.1519939756154423,0.1491425027709245,0.15564860453366638,0.19167699760125279,72665,9.0
americredit,36,10093,89,138,0.15667617829758584,0.15367073094297404,0.160644030690565,0.19880478390993095,72665,9.0
capone,0,0,0,0,0.0,0.0,0.0,0.0,72469,13.0
capone,1,0,0,0,0.0,0.0,0.0,0.0,72469,13.0
capone,2,0,0,0,0.0,0.0,0.0,0.0,72469,13.0
capone,3,0,0,0,0.0,0.0,0.0,0.0,72469,13.0
capone,4,0,0,0,0.0,0.0,0.0,0.0,72469,13.0
capone,5,0,0,0,0.0,0.0,0.0,0.0,72469,13.0
capone,6,0,0,0,0.0,0.0,0.0,0.0,72469,13.0
capone,7,0,0,0,0.0,0.0,0.0,0.0,72469,13.0
capone,8,5510,1,87,0.00018148820326678765,0.0,0.0005535851354987849,0.0001814882032667997,72469,13.0
capone,9,11793,0,161,0.00018148820326678765,0.0,0.0005535851354987849,0.0001814882032667997,72469,13.0
capone,10,18432,3,329,0.00033946263520111925,5.2678399864669004e-05,0.0008105729886718395,0.0003442190808378154,72469,13.0
capone,11,24535,3,408,0.0004560037893894789,0.00018202771369494917,0.0009135934106469804,0.0004664512937074816,72469,13.0
capone,12,30264,12,552,0.000827592317494156,0.00047773320641560167,0.001285657050221221,0.0008627770465648998,72469,13.0
capone,13,34906,5,655,0.0009593292118760783,0.0005872881313522125,0.001468255376060149,0.00100589531032369,72469,13.0
capone,14,39734,14,691,0.0012772456743014387,0.0008543358580551264,0.0017965187926397988,0.0013578839715623348,72469,13.0
capone,15,45696,8,891,0.0014324072590853447,0.0009987882879194984,0.002018403300286633,0.0015327162747885703,72469,13.0
capone,16,50139,15,956,0.0016923386565590416,0.0012198584838275606,0.0022269947542015024,0.0018314260467401366,72469,13.0
capone,17,55057,14,1082,0.0019089920609869546,0.001458020659002037,0.002484929505044033,0.002085242274201593,72469,13.0
capone,18,55464,21,1151,0.002225165642670604,0.0017564194411306524,0.002823554287654955,0.002463076723794866,72469,13.0
capone,19,55566,17,1130,0.0024752473418640708,0.002021606427523943,0.003067447993675682,0.0027682656467998834,72469,13.0
capone,20,48806,23,1030,0.002852505089505288,0.002391249166729787,0.003462658320872693,0.003238214626231084,72469,13.0
capone,21,42488,16,938,0.003147466150193295,0.002599865268441822,0.0037593616906039357,0.003613572105189311,72469,13.0
capone,22,36502,11,742,0.0033782069993946616,0.0028304575998054186,0.004091762691448196,0.003913836493629419,72469,13.0
capone,23,31525,13,724,0.003687438662678622,0.003119279993253674,0.004344924431538379,0.004324593674456811,72469,13.0
capone,24,26321,17,623,0.004160446806618008,0.0035652118320946297,0.004799880636415153,0.004967672657304578,72469,13.0
capone,25,20290,12,482,0.004583048104661347,0.003958752373302786,0.005248905011044756,0.005556159001716132,72469,13.0
capone,26,15554,9,353,0.0049864402527936245,0.0042990443091656194,0.005668654811871601,0.006131573336870089,72469,13.0
capone,27,10488,5,222,0.005311061699231117,0.004557535405534734,0.0060564450849331835,0.006605385515866646,72469,13.0
capone,28,5327,4,122,0.005811296827730477,0.00490132785710236,0.00669185921793024,0.0073513172706886065,72469,13.0
capone,29,0,0,0,0.005811296827730477,0.00490132785710236,0.00669185921793024,0.0073513172706886065,72469,13.0
capone,30,0,0,0,0.005811296827730477,0.00490132785710236,0.00669185921793024,0.0073513172706886065,72469,13.0
capone,31,0,0,0,0.005811296827730477,0.00490132785710236,0.00669185921793024,0.0073513172706886065,72469,13.0
capone,32,0,0,0,0.005811296827730477,0.00490132785710236,0.00669185921793024,0.0073513172706886065,72469,13.0
capone,33,0,0,0,0.005811296827730477,0.00490132785710236,0.00669185921793024,0.0073513172706886065,72469,13.0
capone,34,0,0,0,0.005811296827730477,0.00490132785710236,0.00669185921793024,0.0073513172706886065,72469,13.0
capone,35,0,0,0,0.005811296827730477,0.00490132785710236,0.00669185921793024,0.0073513172706886065,72469,13.0
capone,36,0,0,0,0.005811296827730477,0.00490132785710236,0.00669185921793024,0.0073513172706886065,72469,13.0
carmax,0,0,0,0,0.0,0.0,0.0,0.0,135307,4.0
carmax,1,14051,0,29,0.0,0.0,0.0,0.0,135307,4.0
carmax,2,40172,0,294,0.0,0.0,0.0,0.0,135307,4.0
carmax,3,63950,2,693,3.098147504070692e-05,0.0,7.752969758799324e-05,3.127443315087408e-05,135307,4.0
carmax,4,80756,3,1061,6.738248308407056e-05,1.53890114075259e-05,0.00012774923182958315,6.842221383218661e-05,135307,4.0
carmax,5,87676,9,1245,0.00016664120153581568,8.130040644685507e-05,0.0002659157084566764,0.00017106585861614843,135307,4.0
carmax,6,86243,10,1236,0.0002771575715089886,0.00015782301883152664,0.00037711909328682816,0.0002869974628206817,135307,4.0
carmax,7,76417,12,1081,0.00042466757423523715,0.00028317967395721306,0.00058937297086864,0.0004439855156158634,135307,4.0
carmax,8,65876,21,969,0.0007198331281450967,0.0005188888426782587,0.0009313824712150011,0.0007626247211561799,135307,4.0
carmax,9,61036,16,939,0.000958906550930652,0.0007523470859632447,0.001201302230285955,0.0010245651825963042,135307,4.0
carmax,10,59857,24,953,0.0013188586947328544,0.0010689807563657606,0.0015462052398899718,0.001425109988310247,135307,4.0
carmax,11,58219,31,924,0.0017890756406892746,0.0014808320823421254,0.00212324158168274,0.0019568233738092022,135307,4.0
carmax,12,57222,28,958,0.002214099452538629,0.0018756705516972277,0.0026026375166594896,0.0024451881451478252,135307,4.0
carmax,13,56479,30,945,0.0026675228314524155,0.002331448717278482,0.003012142716042624,0.002975060210085978,135307,4.0
carmax,14,55887,38,921,0.0032379231192252254,0.002844601951360419,0.0036355912412007517,0.0036529807946945603,135307,4.0
carmax,15,55022,38,912,0.003807348930842122,0.003334558369340109,0.004281290198520538,0.00434109076397593,135307,4.0
carmax,16,54206,57,868,0.004659376173741861,0.0042188588389500785,0.0051585768883025225,0.005388070025062364,135307,4.0
carmax,17,53244,53,941,0.0054521625669484665,0.004996374251342097,0.005977718765324001,0.006378123970834149,135307,4.0
carmax,18,52309,53,903,0.00624405476609288,0.0057612299673020576,0.006891362670262793,0.007384871555944694,135307,4.0
carmax,19,51253,42,926,0.006872816371694926,0.006356836941239947,0.007607298596687868,0.008198284144371737,135307,4.0
carmax,20,50349,26,881,0.007261554981333067,0.006716106515345649,0.008011215540094607,0.008710446145846373,135307,4.0
carmax,21,45239,30,803,0.00775177226333436,0.007100703633744335,0.008519088360288803,0.009367814492088011,135307,4.0
carmax,22,36321,31,634,0.00837108913911883,0.007686462524940242,0.009101648448804008,0.01021331978518969,135307,4.0
carmax,23,27881,28,495,0.009086463756175871,0.008315519000044992,0.009864113839513513,0.011207331013123212,135307,4.0
carmax,24,19918,13,356,0.009542666049963984,0.008686552902374639,0.010360145607122942,0.01185269222894958,135307,4.0
carmax,25,15472,8,291,0.009897383202189894,0.009040356348303105,0.010760491527845003,0.012363626721075271,135307,4.0
carmax,26,11264,6,208,0.010255745463646108,0.00941632231745293,0.01111896298893914,0.012889711436955387,135307,4.0
carmax,27,8059,4,152,0.010583321506090676,0.009663802496819984,0.0115442259780036,0.013379653260289781,135307,4.0
carmax,28,6164,4,147,0.011003313956356642,0.010014556951701671,0.011958257519407716,0.014019900078420688,135307,4.0
carmax,29,4355,4,105,0.01158320249905452,0.0104784391753657,0.012600195104802377,0.014925507518073089,135307,4.0
carmax,30,3309,1,67,0.011769225976864674,0.010544234077906224,0.012826889045731893,0.015223203043150724,135307,4.0
carmax,31,2706,2,68,0.012214829887864457,0.010773260175202557,0.013367389151094651,0.015951049899733727,135307,4.0
carmax,32,2157,3,34,0.013031667098848761,0.01157352003763359,0.01441638216450278,0.017319685435339127,135307,4.0
carmax,33,1798,2,31,0.013673748999956187,0.011933447702801721,0.015314306844547251,0.01841276698657901,135307,4.0
carmax,34,1489,2,30,0.014434846753787351,0.012515039864269434,0.016606787061662867,0.019731218609162493,135307,4.0
carmax,35,1230,3,26,0.015787187518826386,0.013115556652993465,0.018091341260541974,0.02212211807596942,135307,4.0
carmax,36,987,2,30,0.016884223154633126,0.01417296794187628,0.02010286246744976,0.02410363354086109,135307,4.0
exeter,0,1455,0,29,0.0,0.0,0.0,0.0,120753,3.0
exeter,1,14231,0,119,0.0,0.0,0.0,0.0,120753,3.0
exeter,2,39315,4,275,9.888066822150431e-05,2.3853270425738694e-05,0.00019903486881204727,0.00010174233753024176,120753,3.0
exeter,3,75374,7,503,0.00018849824309102994,7.599467746389628e-05,0.0003021908101474158,0.00019460310919738877,120753,3.0
exeter,4,98712,38,711,0.0005574603967027233,0.0003961111773713542,0.0007131250011393045,0.0005794864575425773,120753,3.0
exeter,5,107705,235,864,0.0026328149279031135,0.0023225103629413214,0.0029518795697148054,0.0027601077906513893,120753,3.0
exeter,6,108361,500,1002,0.006976947633910217,0.006470367216632722,0.007443651029804465,0.007361578302225391,120753,3.0
exeter,7,107319,708,1089,0.013101873345042427,0.012491217973514105,0.013828129570520886,0.013910167112799687,120753,3.0
exeter,8,105995,844,1156,0.020370755855373485,0.01966065419825357,0.021198488088158066,0.021762045210415693,120753,3.0
exeter,9,104199,974,1146,0.028742830035305412,0.027813806288096144,0.029692846621543645,0.030906123061115398,120753,3.0
exeter,10,98559,1040,1110,0.03800147793825844,0.037145754264358365,0.0390279875742982,0.04113205506140394,120753,3.0
exeter,11,86034,953,961,0.04750872090826758,0.04641037052476747,0.04862073624589331,0.05175345069018422,120753,3.0
exeter,12,66994,814,798,0.05770518167118902,0.056371055709594095,0.059060918835961755,0.0632749703955039,120753,3.0
exeter,13,56978,704,714,0.06782444056164867,0.06627666669221093,0.06933566339360576,0.0748488132970021,120753,3.0
exeter,14,53085,650,561,0.07760311122838758,0.07617501712833084,0.0793500796542381,0.08617683950698518,120753,3.0
exeter,15,51700,708,569,0.08829018766385316,0.08656972049583504,0.09013764534658555,0.0986910909118025,120753,3.0
exeter,16,50285,678,557,0.09855250827146088,0.09664768895288618,0.10084273886648217,0.1108435705849018,120753,3.0
exeter,17,48864,618,551,0.10794226533200482,0.1060956742321048,0.1104046286531358,0.12208904114356522,120753,3.0
exeter,18,47643,689,591,0.11842220676157132,0.11634175773729225,0.12088894220388531,0.13478514866517566,120753,3.0
exeter,19,45281,652,566,0.1285763374785319,0.12616709121080635,0.1312486551794685,0.14724335592805204,120753,3.0
exeter,20,38012,585,429,0.13913732093056652,0.13655512716954113,0.14205767229199728,0.16036717568976122,120753,3.0
exeter,21,27978,482,308,0.15064418854239203,0.14811546116574067,0.1533531191450304,0.17483222041481428,120753,3.0
exeter,22,16051,278,195,0.16188583804901224,0.1590753842664677,0.16496658263600603,0.18912395567895246,120753,3.0
exeter,23,6309,141,46,0.17596431031142615,0.17270150784368551,0.17980842507082442,0.20724624482925647,120753,3.0
exeter,24,1676,43,9,0.19164713123422195,0.18647662789074199,0.19720841480856371,0.22758539248578513,120753,3.0
exeter,25,710,18,4,0.20666318826714586,0.19859699975858466,0.2152294597172397,0.24716773464811737,120753,3.0
exeter,26,584,8,2,0.21452547688103601,0.20494303448312798,0.2243302362883485,0.25748050540636236,120753,3.0
exeter,27,483,8,5,0.22386906624826777,0.21245145529304235,0.2352336587934359,0.2697789649441452,120753,3.0
exeter,28,418,10,7,0.23700150345699664,0.2217525844813393,0.2527455379043725,0.2872483676966776,120753,3.0
exeter,29,342,5,1,0.24470049076796194,0.2306259182295463,0.2624376132039176,0.2976687131981881,120753,3.0
exeter,30,295,7,3,0.2569771132461927,0.24171995445672262,0.2768328901645066,0.314334201359587,120753,3.0
exeter,31,266,5,4,0.2663724875917775,0.24936608351575207,0.29001823796516746,0.3272226562212489,120753,3.0
exeter,32,251,6,6,0.27791644555264744,0.26119692800250444,0.30306460810877883,0.34330498316416724,120753,3.0
exeter,33,223,1,6,0.279978482886465,0.26212240578921236,0.3050128850370882,0.34624980386746695,120753,3.0
exeter,34,205,4,1,0.2886692158446034,0.2722641052813549,0.3118385853926569,0.35900590525541887,120753,3.0
exeter,35,187,1,2,0.29099294123448,0.27279920630233073,0.31422898364858337,0.3624336811631439,120753,3.0
exeter,36,171,1,2,0.2934933241101367,0.2759194964756247,0.3174708773466618,0.36616213916803775,120753,3.0
honda,0,0,0,0,0.0,0.0,0.0,0.0,104073,10.0
honda,1,0,0,0,0.0,0.0,0.0,0.0,104073,10.0
honda,2,0,0,0,0.0,0.0,0.0,0.0,104073,10.0
honda,3,445,0,25,0.0,0.0,0.0,0.0,104073,10.0
honda,4,5338,0,89,0.0,0.0,0.0,0.0,104073,10.0
honda,5,14215,0,209,0.0,0.0,0.0,0.0,104073,10.0
honda,6,24267,0,294,0.0,0.0,0.0,0.0,104073,10.0
honda,7,33518,4,447,0.00010780594992111933,2.6691098135362774e-05,0.00019444732999850662,0.00011933886270065752,104073,10.0
honda,8,43227,4,522,0.00019027337412454897,7.546584474415391e-05,0.00030226480354891464,0.00021186257807637165,104073,10.0
honda,9,48537,6,613,0.0002991009123194513,0.00014897905670386162,0.00043598897163099485,0.0003354534226800432,104073,10.0
honda,10,52649,13,688,0.0005137057281054531,0.0002963876004965592,0.0006865970408820561,0.0005822888631538126,104073,10.0
honda,11,55005,8,751,0.0006384305122350215,0.0004309813200894237,0.0008165210944175127,0.0007276454978069058,104073,10.0
honda,12,56761,14,783,0.0008470277201737821,0.0006180232608688921,0.0010710000441442264,0.0009741142521105806,104073,10.0
honda,13,59097,16,873,0.0010727860331668961,0.0007814885500998015,0.0013237282170281708,0.0012445918427153035,104073,10.0
honda,14,60914,20,931,0.0013424477669781542,0.001037904651458126,0.001609017560994997,0.0015725149500985802,104073,10.0
honda,15,61627,23,859,0.001644185406749734,0.0012968733721569724,0.001917851227018548,0.0019451411067530344,104073,10.0
honda,16,62645,20,897,0.001898608056503864,0.001549659780351225,0.0022247290431949814,0.0022637794207105433,104073,10.0
honda,17,64010,30,930,0.0022666365205881384,0.0019183331516832427,0.0026168148799508603,0.0027313952091401195,104073,10.0
honda,18,65139,34,985,0.0026703591334915496,0.0022993813036187053,0.003042866230515452,0.0032519302582334486,104073,10.0
honda,19,65737,26,1024,0.00297149406709217,0.00257106426718934,0.0034064564235635627,0.0036461595326646723,104073,10.0
honda,20,66257,32,1123,0.0033333394305396003,0.0029320066584305315,0.0037603255956933424,0.004127366392241094,104073,10.0
honda,21,66421,26,1125,0.0036215004969427428,0.0031793454034365945,0.004099428176950818,0.004517193231249883,104073,10.0
honda,22,66212,21,1166,0.003850934697161385,0.003413663219247904,0.004305639334034988,0.004832923596472916,104073,10.0
honda,23,61975,27,1137,0.004160438828603683,0.0036808308362715897,0.00470300405898245,0.005266477627338451,104073,10.0
honda,24,54851,23,1224,0.004452738359220407,0.003953312793703558,0.005034046487811774,0.0056835870877780525,104073,10.0
honda,25,46941,18,952,0.004713965109827061,0.004115820068892482,0.005285835479780604,0.006064867747167857,104073,10.0
honda,26,39909,22,733,0.00508173903014446,0.0045077876716768765,0.0057374739412237195,0.006612778567022137,104073,10.0
honda,27,32596,15,554,0.005382943446109624,0.004868347383383767,0.006075592487258946,0.00706991466720297,104073,10.0
honda,28,28494,13,495,0.0056763543625400125,0.00512619719648603,0.006352620169914946,0.007522925515428103,104073,10.0
honda,29,25156,6,479,0.00582700931393049,0.005304991613797285,0.006481578656006078,0.007759642896844388,104073,10.0
honda,30,22993,14,455,0.006204191617824158,0.005639941300434989,0.006805037107392396,0.008363799161770324,104073,10.0
honda,31,21202,14,392,0.006604892222149267,0.005894787950445987,0.007261738164833938,0.009018591483802907,104073,10.0
honda,32,19100,9,396,0.006885358669074864,0.00612324505343491,0.007615002122615175,0.009485546074203266,104073,10.0
honda,33,17464,8,382,0.00715223504843426,0.006380316935621587,0.00794277467038587,0.009939286089744148,104073,10.0
honda,34,16644,8,339,0.007426006215292126,0.006608303265826332,0.008221526522839598,0.010415162424236013,104073,10.0
honda,35,15317,8,371,0.0077172935892088615,0.00691314431489384,0.008494015772524312,0.01093201812056066,104073,10.0
honda,36,13728,4,508,0.00787577446011388,0.006988456108796887,0.008658259252640764,0.011220208091970663,104073,10.0
santander,0,0,0,0,0.0,0.0,0.0,0.0,185409,3.0
santander,1,15476,0,210,0.0,0.0,0.0,0.0,185409,3.0
santander,2,57628,0,479,0.0,0.0,0.0,0.0,185409,3.0
santander,3,101168,3,757,2.900812880843135e-05,0.0,6.751422538932265e-05,2.9653645421512387e-05,185409,3.0
santander,4,124005,28,1130,0.0002482308739319218,0.00016219999242000698,0.000331612148572712,0.00025544429658830303,185409,3.0
santander,5,126058,77,1819,0.0008357370660657803,0.0006686738312461855,0.0009703741147674247,0.0008661181989917388,185409,3.0
santander,6,126550,140,2331,0.0018837733266559046,0.001643002517733349,0.0021037417881024753,0.0019714421298659968,185409,3.0
santander,7,116413,577,1942,0.0064876204061775035,0.006068452491400036,0.006915644946387417,0.006918161808003975,185409,3.0
santander,8,99225,735,1697,0.013219125114759993,0.012598463600351929,0.013830500505042576,0.014274323572389114,185409,3.0
santander,9,81526,701,1347,0.02084150604237084,0.020115772819648072,0.02180739492706948,0.022750069949934337,185409,3.0
santander,10,66646,594,1020,0.02854400976582764,0.027578293176638645,0.02953007075180825,0.03146006692574299,185409,3.0
santander,11,64469,623,1090,0.03669311066995059,0.0354784704281958,0.03774100384641719,0.040819609935643264,185409,3.0
santander,12,62104,646,1131,0.0452317731691593,0.043791619093835846,0.046502487912729415,0.05079691465001879,185409,3.0
santander,13,60182,609,1161,0.05330077353232926,0.051918812946834314,0.05474902529860973,0.060402189964533726,185409,3.0
santander,14,59054,570,972,0.060770936129654965,0.05923953527335873,0.06240365519059363,0.06947135973661045,185409,3.0
santander,15,58920,595,970,0.06838239486710303,0.06673415693196913,0.07017799995802562,0.07886824603933817,185409,3.0
santander,16,58822,591,933,0.07575413317769404,0.07390512986973674,0.07757707603080417,0.08812309739751623,185409,3.0
santander,17,58481,538,1029,0.08232903659204119,0.08047726418818275,0.08432457540621056,0.0965119719653269,185409,3.0
santander,18,57626,550,965,0.08896754371947387,0.08711640344592281,0.09083895812794934,0.10513513538841834,185409,3.0
santander,19,56418,535,929,0.09538986223431425,0.09353596598161856,0.09737774569961746,0.11362095024479746,185409,3.0
santander,20,52163,543,873,0.10225698224055796,0.10024871313170497,0.1042348072186729,0.12284787016920895,185409,3.0
santander,21,35108,349,607,0.1086367448345269,0.10642736780317685,0.11083261552219081,0.13156742392649923,185409,3.0
santander,22,17166,166,234,0.11467392605704274,0.11234006137033117,0.11684792499039336,0.13996540875862096,185409,3.0
santander,23,11144,128,169,0.12167757634820255,0.11884549085237334,0.12398297483937618,0.1498437673084143,185409,3.0
santander,24,9535,99,126,0.12783981651282042,0.12503458248145585,0.13030568744438292,0.15867076961952786,185409,3.0
santander,25,8652,91,129,0.13393487655600061,0.13075853713464586,0.13687692114001854,0.16751970165427388,185409,3.0
santander,26,7875,86,118,0.140102460690565,0.13674229805884275,0.14307731162433127,0.1766109150711288,185409,3.0
santander,27,7243,83,80,0.14640663512263608,0.14293741051802875,0.14981011302468203,0.18604641059081628,185409,3.0
santander,28,6725,72,81,0.15216399788250987,0.14855586558649084,0.15537758101850851,0.19476085794211162,185409,3.0
santander,29,6129,84,82,0.1593664157974833,0.15557769965380489,0.16297412297871372,0.2057969303736441,185409,3.0
santander,30,5768,82,67,0.16663504377411323,0.16223195855934877,0.17049070363314983,0.21708761201535032,185409,3.0
santander,31,5508,78,73,0.17368844017946,0.1695064540480416,0.1777541681537944,0.22817460661644018,185409,3.0
santander,32,5085,76,66,0.18092859696362068,0.17622093128296945,0.184920410267699,0.23971024671420826,185409,3.0
santander,33,4525,50,40,0.1861318675341508,0.18156849271811826,0.1905938737188365,0.24811123846322247,185409,3.0
santander,34,3911,48,47,0.19179626149505316,0.18705962697023754,0.19601251239357326,0.25733922633173834,185409,3.0
santander,35,3293,47,40,0.19822353390164643,0.19275243156268318,0.2029617527072296,0.2679390005079936,185409,3.0
santander,36,2809,45,25,0.20524702670289477,0.19960768386543998,0.21143328843121562,0.27966657080957424,185409,3.0
toyota,0,0,0,0,0.0,0.0,0.0,0.0,69132,13.0
toyota,1,0,0,0,0.0,0.0,0.0,0.0,69132,13.0
toyota,2,0,0,0,0.0,0.0,0.0,0.0,69132,13.0
toyota,3,0,0,0,0.0,0.0,0.0,0.0,69132,13.0
toyota,4,0,0,0,0.0,0.0,0.0,0.0,69132,13.0
toyota,5,0,0,0,0.0,0.0,0.0,0.0,69132,13.0
toyota,6,3028,0,108,0.0,0.0,0.0,0.0,69132,13.0
toyota,7,9053,0,224,0.0,0.0,0.0,0.0,69132,13.0
toyota,8,15245,1,272,6.169053667149751e-05,0.0,0.0001860022763293079,6.559527714000701e-05,69132,13.0
toyota,9,20731,1,425,0.00010624365591541536,0.0,0.00027674485102350047,0.00011382905287316003,69132,13.0
toyota,10,25534,4,451,0.0002479607525313395,7.075101774170131e-05,0.0004401228927980167,0.00027046509437811395,69132,13.0
toyota,11,29162,8,507,0.0004917110485350951,0.00027185061834345464,0.0007545879933111456,0.0005447205048177972,69132,13.0
toyota,12,31920,11,552,0.0007925015483229063,0.0004835895954960311,0.001082929526606532,0.0008891443166738622,69132,13.0
toyota,13,34622,16,673,0.0011887556464253803,0.0008578180533933312,0.0015445418266302857,0.0013508673162386797,69132,13.0
toyota,14,36873,19,680,0.001621788820948937,0.001261091737165189,0.0019984103892840962,0.0018654534231730135,69132,13.0
toyota,15,38574,13,744,0.0018996403417685193,0.0014936756709802285,0.0023483806091542966,0.0022018393075898812,69132,13.0
toyota,16,40409,20,710,0.00229968492295794,0.00188915324842459,0.0026980957989541313,0.002695688777110239,69132,13.0
toyota,17,42264,31,778,0.0028818286351568155,0.0024135681531419905,0.003370366561028501,0.003427196292913548,69132,13.0
toyota,18,43660,24,762,0.0033097588452412697,0.0027479083208077197,0.0038526405987528898,0.00397501460003602,69132,13.0
toyota,19,44921,28,839,0.0037862604027538147,0.0032091024837349897,0.004321418040069547,0.004595853396839322,69132,13.0
toyota,20,45826,34,814,0.004342495779815465,0.0037524191085065812,0.0049218769218966315,0.005334380455376153,69132,13.0
toyota,21,46408,26,850,0.004754745458196506,0.0041635836210076205,0.005305585066020684,0.005891640111214791,69132,13.0
toyota,22,46818,36,877,0.0053098737330034024,0.004669258804300645,0.005918273985986566,0.006656044847769049,69132,13.0
toyota,23,47059,29,902,0.005746094304930432,0.005044459044799699,0.006333576553336783,0.0072681907645845145,69132,13.0
toyota,24,47047,31,957,0.00620329041681367,0.005479425108986167,0.006805966071005928,0.007922317193183592,69132,13.0
toyota,25,44887,33,928,0.006702690601412409,0.005954310964616224,0.007304254684222605,0.008651672319002324,69132,13.0
toyota,26,40404,30,769,0.00719626577643298,0.0063879051489789404,0.007826246268890936,0.009387749188382255,69132,13.0
toyota,27,35662,34,669,0.00781749988503359,0.007038602363217023,0.008471191817052182,0.010332194719412269,69132,13.0
toyota,28,31478,22,617,0.008263927371697023,0.0073888912429321526,0.008937825725278174,0.011023874359674446,69132,13.0
toyota,29,27756,13,531,0.008557026823405707,0.0076689288979695115,0.009215817556755533,0.011487078338393464,69132,13.0
toyota,30,24966,24,502,0.009146812731371374,0.008242430663589952,0.009837960413647416,0.012437343103268828,69132,13.0
toyota,31,22619,11,456,0.009438893952721952,0.00846992971730253,0.010182801460208312,0.012917611427503473,69132,13.0
toyota,32,20444,8,405,0.009669063576718609,0.008701734815318956,0.010475978307886795,0.013303869454728057,69132,13.0
toyota,33,18417,7,366,0.009888111834903568,0.00897368383924887,0.01066245431806994,0.013678896490283088,69132,13.0
toyota,34,16743,11,342,0.010259077735173903,0.009274467691653847,0.01105772848811906,0.014326900559960443,69132,13.0
toyota,35,14912,8,317,0.01055561163614107,0.009536239296941125,0.01143141657543661,0.014855695141205105,69132,13.0
toyota,36,13005,5,342,0.010763490337285249,0.009641926497918996,0.011654206994465012,0.01523445112154298,69132,13.0
