spec,event,factor,level,odds_ratio,lo95,hi95,p
raw,chargeoff,age_b,0-3,0.0072020337137341005,0.0030874398124304463,0.016800097415641882,3.494142781669539e-30
raw,chargeoff,age_b,10-12,1.3642936657303841,1.2475877695115074,1.4919168429174643,9.87184961566838e-12
raw,chargeoff,age_b,13-18,1.5924022262133568,1.4367299860996543,1.7649418294199721,7.729087632417084e-19
raw,chargeoff,age_b,19-24,1.812618904423654,1.4837668901165768,2.214355445292262,5.774090279994413e-09
raw,chargeoff,age_b,25-36,2.048327419684828,1.7890174405089134,2.3452232064541474,2.9795932463153745e-25
raw,chargeoff,age_b,37-48,1.9747957869031691,1.4983082157769545,2.6028145336894113,1.365658018927136e-06
raw,chargeoff,age_b,4-6,0.21897385034388012,0.12584190995470593,0.38103003325110374,7.70077651505923e-08
raw,chargeoff,age_b,49-60,0.5122346893018948,0.1992082101390946,1.3171363607002047,0.16504366254436975
raw,chargeoff,age_b,61+,1.0113542197164054,0.6693350564943038,1.528139528647091,0.9572451784597923
raw,chargeoff,lender,americredit,0.7524705512595004,0.6388224214336097,0.8863369717708328,0.0006633887531396286
raw,chargeoff,lender,capone,0.03421895461232034,0.02896661661514484,0.04042366667523849,0.0
raw,chargeoff,lender,carmax,0.07166363994243088,0.06083136227665273,0.08442482787812668,4.1320750261475373e-218
raw,chargeoff,lender,exeter,1.4408774466867553,1.1651630542202387,1.781834575728072,0.0007501055726933624
raw,chargeoff,lender,honda,0.03954701541672275,0.03356924383840435,0.046589265933398134,0.0
raw,chargeoff,lender,toyota,0.052978923419695186,0.04504950156695752,0.06230404841523502,2.900074010510971e-276
raw,prepay,age_b,0-3,0.5796289824072299,0.5085129626384566,0.6606906449409612,3.1896954668125884e-16
raw,prepay,age_b,10-12,1.0008174612986602,0.9356563194426412,1.070516566848987,0.9810213249587485
raw,prepay,age_b,13-18,1.0370491240262034,0.9584650569677167,1.1220762591449802,0.365554243825849
raw,prepay,age_b,19-24,1.0932633557802898,0.939018719395864,1.2728444496409521,0.25051150547818346
raw,prepay,age_b,25-36,1.1579095850629997,0.9095524045669157,1.474081757630194,0.23392577753841903
raw,prepay,age_b,37-48,1.5047608108547157,0.9611797184681801,2.3557562174665274,0.07396464426387864
raw,prepay,age_b,4-6,0.874132438682538,0.7918086738081059,0.9650153447829768,0.007684905115831881
raw,prepay,age_b,49-60,2.471922371814582,1.5851498865819285,3.8547775601544743,6.548995432736691e-05
raw,prepay,age_b,61+,6.184720878813687,4.610129569855644,8.297114380243261,5.450181113506759e-34
raw,prepay,lender,americredit,0.8607615010167006,0.8039992658554235,0.9215311420020068,1.6490335429677794e-05
raw,prepay,lender,capone,1.3809230914062558,1.2363163532488453,1.5424438731784538,1.0732232561570067e-08
raw,prepay,lender,carmax,1.3374099936810264,1.2012963510824088,1.4889460786143522,1.1025277993140245e-07
raw,prepay,lender,exeter,0.729688076610004,0.601945946675932,0.8845390389071892,0.0013298355468475969
raw,prepay,lender,honda,1.1230865486413462,1.0425063352994959,1.2098951853148905,0.0022445463272222892
raw,prepay,lender,toyota,1.3214091003753488,1.1904198734075575,1.4668118783640118,1.671881413632679e-07
score,chargeoff,age_b,0-3,0.007199690463345717,0.003268880935909274,0.01585727464055605,1.7488385117799022e-34
score,chargeoff,age_b,10-12,1.371792494696745,1.2692493486795506,1.482620141159847,1.5266942753258482e-15
score,chargeoff,age_b,13-18,1.6097393928344876,1.4691166268197982,1.7638224668741622,1.8339509687778914e-24
score,chargeoff,age_b,19-24,1.8284794016449186,1.530400579938583,2.1846155614851717,2.998102834657063e-11
score,chargeoff,age_b,25-36,2.0552745269929784,1.825248453309116,2.3142895278984943,1.2414569626539657e-32
score,chargeoff,age_b,37-48,1.95493063661835,1.5327572425312188,2.493384919635235,6.645166712994914e-08
score,chargeoff,age_b,4-6,0.21831829219251603,0.13030210943484358,0.36578745280935154,7.502224180003609e-09
score,chargeoff,age_b,49-60,0.5333355242611814,0.23180674334245047,1.2270858791141077,0.13924606458469038
score,chargeoff,age_b,61+,1.0342542146139102,0.7560558849607436,1.4148184039360752,0.8331310421699208
score,chargeoff,score_b,360,1.5842865764745043e-10,3.393292338168743e-11,7.396839724548628e-10,3.5657230549500353e-181
score,chargeoff,score_b,380,1.2115670824304627,0.42950375963300386,3.417652959506871,0.7168206651770781
score,chargeoff,score_b,400,1.381085588521114,0.7390850344107605,2.5807550065485967,0.3114626679432989
score,chargeoff,score_b,420,1.237133551479118,1.0650659490579206,1.4369996764511186,0.005353650121805044
score,chargeoff,score_b,440,1.4348115758236488,1.26234710887783,1.6308384941346443,3.283588425790501e-08
score,chargeoff,score_b,460,1.3086696600719916,1.1619919683731692,1.4738624068036086,9.192898715090806e-06
score,chargeoff,score_b,480,1.3375405294394502,1.1921049837057205,1.5007190577560705,7.349633209164101e-07
score,chargeoff,score_b,500,1.320337788897316,1.2030567314529956,1.4490520947293872,4.768302858099711e-09
score,chargeoff,score_b,520,1.2959839566919733,1.1977459377194883,1.4022793675267202,1.1455511658059387e-10
score,chargeoff,score_b,540,1.2585418424297152,1.1588071069093724,1.366860420256516,4.790996479035927e-08
score,chargeoff,score_b,560,1.2051147831445284,1.1133405762113464,1.3044540651663017,3.900783875628419e-06
score,chargeoff,score_b,580,1.1476589756912046,1.0551652727587701,1.2482604938664452,0.0013159376078640738
score,chargeoff,score_b,600,1.0712096224746805,0.9574204214375724,1.1985226443774661,0.2299264663933498
score,chargeoff,score_b,620,0.9269052209472917,0.7497560610065187,1.1459104278076355,0.4830543199297572
score,chargeoff,score_b,640,1.058156169312338,0.9882091478386843,1.1330541526585227,0.1052235534447844
score,chargeoff,score_b,680,0.9271828518057162,0.7375388956512776,1.1655901075203066,0.5172706206300475
score,chargeoff,score_b,700,0.7832247750824928,0.5580276467809999,1.099302251136974,0.15777194262846805
score,chargeoff,score_b,720,0.5774876564342212,0.3653764961885958,0.912735210974685,0.018727090595467635
score,chargeoff,score_b,740,0.3855220864009613,0.23470487535531084,0.6332517757798982,0.00016695528485206738
score,chargeoff,score_b,760,0.2420011990621925,0.13890106526516174,0.4216280144125555,5.475395486505364e-07
score,chargeoff,score_b,780,0.1735814192504214,0.09044790756020119,0.33312555173192937,1.401894437548865e-07
score,chargeoff,score_b,800,0.09420247884642734,0.053044848438736476,0.1672944174976885,7.509572777234905e-16
score,chargeoff,score_b,820,0.0728040831545244,0.0333588773176931,0.1588912742324102,4.715678191433404e-11
score,chargeoff,score_b,840,0.04006641023156522,0.01549705720780138,0.10358852053768898,3.173518747800299e-11
score,chargeoff,score_b,860,0.02045167149324353,0.005299881461950506,0.07892079660091385,1.6464344717822606e-08
score,chargeoff,score_b,880,0.028028470101489806,0.003050703220907932,0.25751280257156706,0.0015836661402006944
score,chargeoff,score_b,900,7.224139667258221e-10,1.1676750493591364e-10,4.469410728669465e-09,1.869598071826785e-113
score,chargeoff,score_b,none,1.1723005958568629,1.0564627662422548,1.3008396802611224,0.00274734139444242
score,chargeoff,lender,americredit,0.7225063710327977,0.6387318264904044,0.8172685852390743,2.3525132640689323e-07
score,chargeoff,lender,capone,0.1639083022760061,0.09903526595839741,0.2712764114380063,1.9914412103712524e-12
score,chargeoff,lender,carmax,0.1762039537146695,0.13193257671377084,0.23533106134991968,6.286341809595566e-32
score,chargeoff,lender,exeter,1.4042491965276473,1.1920889335785574,1.6541683681510297,4.8558110651758574e-05
score,chargeoff,lender,honda,0.11456274663961383,0.08332385359194212,0.1575133932461517,1.3993483286284168e-40
score,chargeoff,lender,toyota,0.15887415306261637,0.11335714923026435,0.22266788361174453,1.2468044378794293e-26
score,prepay,age_b,0-3,0.5785549101046041,0.5081470939662471,0.6587182884261072,1.3926225506506518e-16
score,prepay,age_b,10-12,1.0001297666661662,0.9389928026899038,1.065247302541944,0.9967830124385929
score,prepay,age_b,13-18,1.0352137999130124,0.9616510102967053,1.1144038742284366,0.35746166340376395
score,prepay,age_b,19-24,1.0937337610482445,0.9532196735567222,1.2549610265524531,0.2015745157235902
score,prepay,age_b,25-36,1.16496302389966,0.9342833759295994,1.452598731838833,0.17503557938994374
score,prepay,age_b,37-48,1.5310117792907398,1.004066993207911,2.334502661857373,0.04783622082358929
score,prepay,age_b,4-6,0.8743138139492169,0.7939330413352175,0.9628326388543232,0.0063389131147492655
score,prepay,age_b,49-60,2.5113919146155865,1.6600380854445507,3.799364245976037,1.3037512317094693e-05
score,prepay,age_b,61+,6.311139978642696,4.734512105681195,8.412796702373491,3.403581301334764e-36
score,prepay,score_b,360,7.387084594611502e-10,1.4193469248589198e-10,3.8446568525429845e-09,9.346292121256035e-138
score,prepay,score_b,380,0.2347889491960501,0.043744190324033205,1.2601867872337567,0.09098618687687285
score,prepay,score_b,400,0.7497626292330277,0.4217503498307087,1.3328833050644013,0.32654532419062976
score,prepay,score_b,420,0.7413895007868936,0.5886510101238085,0.9337593623791318,0.011014135090430009
score,prepay,score_b,440,0.6248018507305034,0.5385666922047319,0.7248449603858224,5.417232717498868e-10
score,prepay,score_b,460,0.7403711510424019,0.6578292282400956,0.8332701220380963,6.219485061586424e-07
score,prepay,score_b,480,0.6749199017640095,0.6028285392304426,0.7556325624175707,9.000032709390782e-12
score,prepay,score_b,500,0.7158803298256929,0.6502901911837453,0.7880860784605249,9.277349735245084e-12
score,prepay,score_b,520,0.7137577123294078,0.6368439840622434,0.7999605628054693,6.766906558257137e-09
score,prepay,score_b,540,0.7489194384408868,0.6673730038088923,0.8404300474749589,8.854755762105026e-07
score,prepay,score_b,560,0.8017977057813223,0.7124240557460066,0.9023832867673282,0.0002488705877037007
score,prepay,score_b,580,0.8370941771163064,0.7455185646761066,0.939918460201537,0.0026281070512467076
score,prepay,score_b,600,0.9212895283595053,0.8163524481450384,1.0397156240463445,0.18394037733403001
score,prepay,score_b,620,0.993900738816266,0.884682420145714,1.1166025865607396,0.9179571699805812
score,prepay,score_b,640,0.988890714913309,0.9367667419162503,1.0439149921584032,0.6859514086193523
score,prepay,score_b,680,1.0232608120258562,0.956799618426413,1.0943385315619707,0.5021567067005126
score,prepay,score_b,700,1.0122447289609968,0.9395278976579315,1.0905896396089543,0.748987844065027
score,prepay,score_b,720,1.0581386250546552,0.9671283128830218,1.1577133405337325,0.21811636874942908
score,prepay,score_b,740,1.0658697618211326,0.9695199937739306,1.171794657624714,0.18696009645382505
score,prepay,score_b,760,1.0939846621353992,1.0080666228775343,1.18722554028346,0.031359076211124465
score,prepay,score_b,780,1.176915813480939,1.0955780703895748,1.2642922211184493,8.26607491928601e-06
score,prepay,score_b,800,1.2490616216505022,1.1763731678318619,1.3262415170142459,3.595743144267937e-13
score,prepay,score_b,820,1.269080805416253,1.1802874034384188,1.3645541636588314,1.2033684589573184e-10
score,prepay,score_b,840,1.270357564136871,1.172219511981587,1.376711720172351,5.425173844609475e-09
score,prepay,score_b,860,1.2845740720439378,1.1427233796450205,1.4440332419558495,2.7329008040143674e-05
score,prepay,score_b,880,1.2440875088077152,1.0573330736635747,1.4638279725881875,0.008494662037379688
score,prepay,score_b,900,1.244644073990628,1.0964212673656237,1.412904799486525,0.0007174127131541894
score,prepay,score_b,none,1.3191007831681998,1.1233099982335335,1.5490175275669633,0.00072903947187161
score,prepay,lender,americredit,0.9573047593929319,0.902534027948899,1.0153992802233127,0.14662010692608327
score,prepay,lender,capone,1.1274050925630241,0.9861463649046821,1.2888981676263607,0.07913687177031344
score,prepay,lender,carmax,1.1450402505611281,1.0155330024767357,1.291063089242269,0.026990173359506306
score,prepay,lender,exeter,0.7959945280102153,0.6694618357960802,0.9464427316738095,0.009790103459389955
score,prepay,lender,honda,0.94791215422466,0.8660835410150438,1.0374720330948168,0.245508546584839
score,prepay,lender,toyota,1.1035371148675501,0.9836805641488982,1.237997586080049,0.09305993511200364
terms,chargeoff,age_b,0-3,0.007361506819006692,0.003111084998734051,0.01741893348087034,5.307370122065632e-29
terms,chargeoff,age_b,10-12,1.3903670250558915,1.3054272356430137,1.4808335628224991,1.221373537367058e-24
terms,chargeoff,age_b,13-18,1.7105295759162977,1.5114798103474336,1.9357925987855769,1.8250394306919785e-17
terms,chargeoff,age_b,19-24,2.0316401674044626,1.7415515600780218,2.37004856154033,1.9233584608654753e-19
terms,chargeoff,age_b,25-36,2.6250332231039226,2.349073325153115,2.933411804823172,4.934305467394002e-65
terms,chargeoff,age_b,37-48,3.1669946360871473,2.7005852785882394,3.713956046686287,1.1827141234279418e-45
terms,chargeoff,age_b,4-6,0.21780160442868093,0.12924649902724425,0.36703151921900884,1.0383945750734295e-08
terms,chargeoff,age_b,49-60,2.3057928592176515,1.117743929836629,4.756617833206399,0.023743506630774597
terms,chargeoff,age_b,61+,5.067562067496398,1.8934933321041671,13.562332051832978,0.0012334354225712744
terms,chargeoff,score_b,360,1.5431709008798307e-10,3.6693915227244185e-11,6.489840112657601e-10,1.1474978150318282e-208
terms,chargeoff,score_b,380,1.7718508185487636,0.8671638415775946,3.6203715753189676,0.11664284012451451
terms,chargeoff,score_b,400,1.7973135786070888,0.9234788135218632,3.498007807592159,0.08440982396149713
terms,chargeoff,score_b,420,1.557515854148902,1.4253160811933208,1.701977314319066,1.2311169300711655e-22
terms,chargeoff,score_b,440,1.8487349220173974,1.6438957438333732,2.0790982790165957,1.1110917176080878e-24
terms,chargeoff,score_b,460,1.5830096071519442,1.3934581534457469,1.7983456554749842,1.6802670579881207e-12
terms,chargeoff,score_b,480,1.5565865305839484,1.4019224745813714,1.728313563072662,1.158278473282984e-16
terms,chargeoff,score_b,500,1.4636429471087922,1.3423552176404556,1.5958895592381894,6.081505521326478e-18
terms,chargeoff,score_b,520,1.406318619649528,1.303140368379106,1.5176661762331327,1.7783878068475917e-18
terms,chargeoff,score_b,540,1.3380723186877954,1.2291377626911448,1.4566613966187538,1.7942621058357055e-11
terms,chargeoff,score_b,560,1.2541531015058272,1.1671444793838954,1.3476480673986286,6.692691553221723e-10
terms,chargeoff,score_b,580,1.184500908048714,1.1109690298634631,1.2628996519737916,2.2405493701168065e-07
terms,chargeoff,score_b,600,1.0958336870569119,0.9933597956282707,1.2088786711256445,0.06770567257234145
terms,chargeoff,score_b,620,0.9568901533247081,0.8445777224823717,1.0841379557568127,0.4890800508661062
terms,chargeoff,score_b,640,1.06014459791925,1.0073655689324927,1.1156888851068976,0.024985827764597884
terms,chargeoff,score_b,680,0.938913223772155,0.7771237127621999,1.1343857191550888,0.5136089368670139
terms,chargeoff,score_b,700,0.8241942670838078,0.6091528162823178,1.1151490590482451,0.2100507993153159
terms,chargeoff,score_b,720,0.6394639788248346,0.4319808058469214,0.9466026607658887,0.02547228894268922
terms,chargeoff,score_b,740,0.4606990758183655,0.29389320963102755,0.7221794567025227,0.0007272942163573071
terms,chargeoff,score_b,760,0.30979536535763613,0.18445193710827468,0.5203153184600836,9.447472729006245e-06
terms,chargeoff,score_b,780,0.23909827332255645,0.13354412056566434,0.4280831238670528,1.471838084270689e-06
terms,chargeoff,score_b,800,0.14124014005284113,0.08346955596987037,0.2389946481726463,3.0203454785954564e-13
terms,chargeoff,score_b,820,0.11514738714695545,0.0551568325047871,0.2403858264634775,8.61697585490434e-09
terms,chargeoff,score_b,840,0.06897725429489929,0.0276701727206359,0.17194911134453733,9.599483370251032e-09
terms,chargeoff,score_b,860,0.03852928632382267,0.01014728964729371,0.14629580471461434,1.7220498438850985e-06
terms,chargeoff,score_b,880,0.055838364880700854,0.006333782067852829,0.49226875177397295,0.0093723311991461
terms,chargeoff,score_b,900,1.4660121856842193e-09,2.605094073513144e-10,8.24995822771303e-09,8.11559392639199e-118
terms,chargeoff,score_b,none,1.2105977160220602,1.0986519154554513,1.3339500977707572,0.00011319615368879839
terms,chargeoff,lender,americredit,0.9850612329234769,0.7894231393113571,1.2291831646272602,0.8940005966408751
terms,chargeoff,lender,capone,0.24148847044920968,0.14297922778976596,0.4078682075808004,1.0747821573520311e-07
terms,chargeoff,lender,carmax,0.24098910930433706,0.17636797708003857,0.3292873897223532,4.1055443543913406e-19
terms,chargeoff,lender,exeter,1.132094099241441,1.004829823299282,1.275476722346011,0.04143465038322302
terms,chargeoff,lender,honda,0.16169024147657776,0.11380910272553264,0.2297156691570048,2.7069158348225238e-24
terms,chargeoff,lender,toyota,0.20254890665743097,0.14446708290240334,0.2839820585000417,2.0223197802748317e-20
terms,chargeoff,cohort_q,2017Q3,11958230854.342655,0.0,inf,0.9998611811750274
terms,chargeoff,cohort_q,2017Q4,1.0184486445052923,,,
terms,chargeoff,cohort_q,2018Q1,6229897720.923577,,,
terms,chargeoff,cohort_q,2018Q2,7428324251.077555,,,
terms,chargeoff,cohort_q,2018Q3,5113734985.073143,,,
terms,chargeoff,cohort_q,2018Q4,3649030994.520973,,,
terms,chargeoff,cohort_q,2019Q1,4072970085.9649734,,,
terms,chargeoff,cohort_q,2019Q2,4213532085.3589907,,,
terms,chargeoff,cohort_q,2019Q3,6688755216.740405,0.0,inf,0.9997688348037226
terms,chargeoff,cohort_q,2019Q4,4353982342.580826,,,
terms,chargeoff,cohort_q,2020Q1,4182421000.180382,,,
terms,chargeoff,cohort_q,2020Q2,3536105324.161122,,,
terms,chargeoff,cohort_q,2020Q3,3009405717.602644,,,
terms,chargeoff,cohort_q,2020Q4,3020967869.2989116,0.0,inf,0.9998505650093742
terms,chargeoff,cohort_q,2021Q1,8652327852.181927,0.0,inf,0.9997919170981233
terms,chargeoff,cohort_q,2021Q2,7182603280.712156,0.0,inf,0.9998018975147289
terms,chargeoff,cohort_q,2021Q3,8765692400.804668,,,
terms,chargeoff,cohort_q,2021Q4,8226571681.280064,,,
terms,chargeoff,cohort_q,2022Q1,11401158326.547457,,,
terms,chargeoff,cohort_q,2022Q2,13498617443.930012,,,
terms,chargeoff,cohort_q,2022Q3,12448210692.069334,,,
terms,chargeoff,cohort_q,2022Q4,13037129829.995962,,,
terms,chargeoff,cohort_q,2023Q1,13356001813.358393,,,
terms,chargeoff,cohort_q,2023Q2,13696983964.692352,,,
terms,chargeoff,cohort_q,2023Q3,13107523356.009363,,,
terms,chargeoff,cohort_q,2023Q4,14105780546.58742,,,
terms,chargeoff,cohort_q,2024Q1,16197953738.038546,0.0,inf,0.999878741015071
terms,chargeoff,cohort_q,2024Q2,21360659675.919678,,,
terms,chargeoff,cohort_q,2024Q3,20468466287.880302,,,
terms,chargeoff,cohort_q,2024Q4,23240454160.16639,,,
terms,chargeoff,cohort_q,2025Q1,22460044213.172577,,,
terms,chargeoff,cohort_q,2025Q2,30896651439.12386,0.0,inf,0.9998519051152036
terms,chargeoff,cohort_q,2025Q3,27283065776.456432,,,
terms,chargeoff,cohort_q,2025Q4,20558610092.528625,,,
terms,chargeoff,cohort_q,2026Q1,16843308846.045547,,,
terms,chargeoff,amount_q,1,0.9275138347278887,0.912323232192137,0.9429573678010388,4.2178506938827475e-19
terms,chargeoff,amount_q,2,0.8660578390369085,0.8004849918838238,0.9370021776325033,0.0003438875346042992
terms,chargeoff,amount_q,3,0.8060269516138583,0.7326002138601833,0.8868130727189774,9.653581596769148e-06
terms,chargeoff,amount_q,4,0.7212246992335695,0.6528400040927032,0.7967726602591733,1.2779643574908988e-10
terms,chargeoff,pti_q,1,1.4117346912601998,1.2284930125119549,1.6223086482456792,1.1677910403841044e-06
terms,chargeoff,pti_q,2,1.7525608749365527,1.5148790616236059,2.0275345393357393,4.507207458589595e-14
terms,chargeoff,pti_q,3,2.097639342041118,1.7994339876674852,2.44526381041758,2.8279120904704707e-21
terms,chargeoff,pti_q,4,2.46853483282162,2.0757096090698917,2.9357016965317158,1.6401175596776347e-24
terms,chargeoff,ltv_q,1,2.189871370994935,2.0033771743230333,2.3937262952612546,9.378944384163109e-67
terms,chargeoff,ltv_q,2,3.1364992359285906,2.693789851248648,3.6519654465327407,4.4897495162230385e-49
terms,chargeoff,ltv_q,3,3.7963508997151174,3.1667336982264165,4.551150026236695,3.950499423792602e-47
terms,chargeoff,ltv_q,4,4.329948165152272,3.48272930048527,5.383263956315292,9.744769572918494e-40
terms,prepay,age_b,0-3,0.5211315621748205,0.4551873227627906,0.5966293249258502,3.664868385676391e-21
terms,prepay,age_b,10-12,1.0142346687646866,0.9670694310587195,1.0637002166411706,0.5607321250227018
terms,prepay,age_b,13-18,1.0472747288067659,0.995822390020924,1.1013855167227558,0.07232103894326167
terms,prepay,age_b,19-24,1.130454124242785,1.0117315666458555,1.2631082879564286,0.03031211196591389
terms,prepay,age_b,25-36,1.2189929535822708,1.0432359763244918,1.4243602162939928,0.012674285247894388
terms,prepay,age_b,37-48,1.6039642865571961,1.205681684456131,2.1338148084346575,0.001177256813988824
terms,prepay,age_b,4-6,0.8330645457014468,0.7774963505098328,0.8926042377558159,2.1527502345312716e-07
terms,prepay,age_b,49-60,1.8707740753281987,1.5431911258900952,2.2678951312018687,1.8024580834683743e-10
terms,prepay,age_b,61+,3.6356112610924507,2.784997512430011,4.746025510898695,2.268756205393751e-21
terms,prepay,score_b,360,6.852962961678746e-10,1.5593296001922295e-10,3.011749494677153e-09,9.684109692080456e-172
terms,prepay,score_b,380,0.19400665549897297,0.0386179501342719,0.9746395716766546,0.04646392426115095
terms,prepay,score_b,400,0.6637285088694537,0.3782264600515383,1.1647401226927374,0.1531509684693194
terms,prepay,score_b,420,0.653859342628502,0.5486732894186703,0.7792105943330229,2.056186957798461e-06
terms,prepay,score_b,440,0.535542741960793,0.482871824394517,0.5939589223838367,2.996721163271051e-32
terms,prepay,score_b,460,0.6677933464880577,0.6035782188140839,0.738840368510848,4.975598464404747e-15
terms,prepay,score_b,480,0.6102496945796783,0.5559820948105425,0.6698141778495438,2.6446969453272833e-25
terms,prepay,score_b,500,0.6589605429152428,0.6098428998531075,0.7120341931073463,4.903074368150109e-26
terms,prepay,score_b,520,0.6709421991406078,0.6198869336824447,0.726202489724109,4.9530277203304895e-23
terms,prepay,score_b,540,0.7096438479602275,0.6505909075598925,0.774056915176667,1.0137978582180312e-14
terms,prepay,score_b,560,0.7617664681313976,0.700602494324964,0.8282701769831631,1.865248317872834e-10
terms,prepay,score_b,580,0.8010821426425301,0.7362293839867952,0.8716476321356075,2.616098232753741e-07
terms,prepay,score_b,600,0.8839641107196997,0.8069936141455425,0.9682760003842413,0.007965164389198707
terms,prepay,score_b,620,0.9630725294699835,0.8775987461302809,1.0568710371448298,0.4274903318291935
terms,prepay,score_b,640,0.9808674737716232,0.921707954247972,1.0438241274462157,0.5427675253307762
terms,prepay,score_b,680,1.0226700888532239,0.9591250584119021,1.090425176010689,0.4934114576113844
terms,prepay,score_b,700,1.0063188760140758,0.9591799335891323,1.0557744639558069,0.7969200820439585
terms,prepay,score_b,720,1.0353165560790984,0.9718205655891167,1.1029611939131092,0.2824684837264979
terms,prepay,score_b,740,1.0247863788690883,0.9571827069831867,1.0971647467655987,0.4819483950179264
terms,prepay,score_b,760,1.0351395490860313,0.9801802176786256,1.0931804853394342,0.21469411634078517
terms,prepay,score_b,780,1.0918623020743863,1.0284322264047323,1.1592045212924036,0.004001017962519513
terms,prepay,score_b,800,1.1316984563362398,1.0551639191392885,1.2137842972479065,0.0005343377212551457
terms,prepay,score_b,820,1.1314234560286107,1.0484701944627808,1.2209398451308748,0.001481424340391051
terms,prepay,score_b,840,1.1174688597238258,1.0220200816104466,1.2218318161466777,0.014764753741144856
terms,prepay,score_b,860,1.10528014563666,0.97621096650955,1.2514141330603927,0.11411980969849482
terms,prepay,score_b,880,1.057971789674715,0.9078475467325994,1.2329210028445485,0.4704483280213192
terms,prepay,score_b,900,1.09827000053913,0.961212892034639,1.2548697630667576,0.16811459471988488
terms,prepay,score_b,none,1.211081985999177,1.0308414098675371,1.422837269410999,0.01983651839541994
terms,prepay,lender,americredit,0.8120841912950073,0.7265876627767264,0.9076409737415516,0.00024511970675488424
terms,prepay,lender,capone,1.0114617050231651,0.8549801225537387,1.196583117830398,0.8942734775195119
terms,prepay,lender,carmax,1.023537077852912,0.8671198461958494,1.208169959822438,0.783359678329154
terms,prepay,lender,exeter,0.8570981968853076,0.7590689115345157,0.9677873878656954,0.01283460038165124
terms,prepay,lender,honda,0.9362636051364903,0.8170989403277846,1.072807092310667,0.3430473190269574
terms,prepay,lender,toyota,1.0607088150399413,0.9013303000488887,1.2482695746968784,0.47803814655028676
terms,prepay,cohort_q,2017Q3,0.7589640854281761,0.74471109513526,0.7734898630256145,7.996095268048583e-179
terms,prepay,cohort_q,2017Q4,0.845372263427193,0.8295224539262511,0.8615249176070547,9.021020889627151e-68
terms,prepay,cohort_q,2018Q1,1.2565663682888777,1.1990578176777111,1.3168331123287835,1.2355648690067984e-21
terms,prepay,cohort_q,2018Q2,1.2298820967841917,1.1532204347328099,1.3116399314765326,2.951185482548929e-10
terms,prepay,cohort_q,2018Q3,1.2227288809092869,1.1447258087234482,1.3060471816189012,2.248479974195317e-09
terms,prepay,cohort_q,2018Q4,0.9116926555605834,0.8571808757101939,0.9696710714812136,0.0032923477605009367
terms,prepay,cohort_q,2019Q1,0.7979431398451875,0.6767713340273798,0.9408100231388308,0.007230733201292609
terms,prepay,cohort_q,2019Q2,0.7728901461180472,0.6119732618100134,0.9761197347079944,0.030549762762271518
terms,prepay,cohort_q,2019Q3,0.761679167758437,0.6254279272141648,0.9276131259142243,0.006785287347988029
terms,prepay,cohort_q,2019Q4,0.6230324212009372,0.5589886491649766,0.6944137388967624,1.2351353667990086e-17
terms,prepay,cohort_q,2020Q1,0.6414654714123882,0.48351043770332836,0.8510218579123858,0.0020808032098200836
terms,prepay,cohort_q,2020Q2,0.6405892799497551,0.4592134420632811,0.893603252863834,0.008733161195101471
terms,prepay,cohort_q,2020Q3,0.5018115649122542,0.3483713716925669,0.7228345011710917,0.0002130084489176221
terms,prepay,cohort_q,2020Q4,0.3062303059960982,0.27808478018770894,0.33722449767716123,6.900832263933441e-128
terms,prepay,cohort_q,2021Q1,0.33354085947663803,0.266426104587141,0.4175623297604744,9.832076199806836e-22
terms,prepay,cohort_q,2021Q2,0.3093311314880636,0.2828075608854889,0.33834225863017026,3.881023222844187e-145
terms,prepay,cohort_q,2021Q3,0.40968509735227215,0.32513739811544795,0.5162183125207405,3.824183681130924e-14
terms,prepay,cohort_q,2021Q4,0.3344122574349683,0.24328030188702424,0.4596819267952258,1.500222049408723e-11
terms,prepay,cohort_q,2022Q1,0.3626585134362039,0.2613836146884934,0.5031730758046904,1.2737469480268582e-09
terms,prepay,cohort_q,2022Q2,0.36008959842877597,0.27505358400837265,0.4714154856918721,1.0748533743195021e-13
terms,prepay,cohort_q,2022Q3,0.3228712368653374,0.28317884391007486,0.3681272024263814,5.1957727784591455e-64
terms,prepay,cohort_q,2022Q4,0.31066869636922306,0.24865578119832146,0.3881471745343198,7.778614289699416e-25
terms,prepay,cohort_q,2023Q1,0.32714370728745407,0.26146472148847816,0.4093210151201816,1.4803390210065625e-22
terms,prepay,cohort_q,2023Q2,0.3391618514160275,0.25730648119877947,0.44705738044383614,1.6844715974257443e-14
terms,prepay,cohort_q,2023Q3,0.3561759630478011,0.25437027478078805,0.4987269709967309,1.849781348048836e-09
terms,prepay,cohort_q,2023Q4,0.3671984418417445,0.266837902522843,0.5053056346800744,7.726888026430314e-10
terms,prepay,cohort_q,2024Q1,0.34385099563129096,0.24648962211208925,0.4796693109572958,3.269100052775809e-10
terms,prepay,cohort_q,2024Q2,0.3125244657803589,0.24262739309281445,0.40255776755568384,2.1635158536850676e-19
terms,prepay,cohort_q,2024Q3,0.3220946685247222,0.25058135194223863,0.41401714328672323,9.211768868122933e-19
terms,prepay,cohort_q,2024Q4,0.3843450283338447,0.2849282398162243,0.5184501925826042,3.8081339202917786e-10
terms,prepay,cohort_q,2025Q1,0.3321875293370259,0.24843000949967708,0.4441836751899366,1.0501663434162948e-13
terms,prepay,cohort_q,2025Q2,0.2776825432417236,0.20143965395607724,0.38278260167188616,5.137282755023989e-15
terms,prepay,cohort_q,2025Q3,0.3542889869617579,0.2601582777958753,0.4824781565508148,4.534597785945551e-11
terms,prepay,cohort_q,2025Q4,0.38708505134587473,0.25979390198037516,0.5767450114620358,3.085146096928036e-06
terms,prepay,cohort_q,2026Q1,0.43166756819352,0.2744714156715749,0.6788936070963139,0.000276542679329873
terms,prepay,amount_q,1,0.8755117301194411,0.8381665575913376,0.9145208462856225,2.2654530390219873e-09
terms,prepay,amount_q,2,0.8854585085163805,0.841123350288971,0.9321305490267205,3.456360780782946e-06
terms,prepay,amount_q,3,0.9206010327901537,0.8405516950371164,1.0082738118050836,0.07467858348035841
terms,prepay,amount_q,4,0.9595283200779035,0.8465671690057931,1.0875623704056294,0.5179697069700593
terms,prepay,pti_q,1,0.9482248859018613,0.9247782793527153,0.9722659520862998,3.159216397623283e-05
terms,prepay,pti_q,2,0.9238837147630131,0.8861217850199773,0.9632548627444717,0.00020062320500761929
terms,prepay,pti_q,3,0.8965120100868702,0.8478715182511013,0.9479428981030716,0.00012385980118837143
terms,prepay,pti_q,4,0.9010661236136063,0.8246916241001516,0.9845136477649615,0.021147207066401566
terms,prepay,ltv_q,1,0.7912055167435488,0.7574999000685064,0.8264108941384832,5.42443534870958e-26
terms,prepay,ltv_q,2,0.7498300162784469,0.7217856308679143,0.7789640431551151,1.3874271743049427e-49
terms,prepay,ltv_q,3,0.6984429451435226,0.6663491702368641,0.7320824717878069,1.465190040050635e-50
terms,prepay,ltv_q,4,0.6654731134118158,0.6260190766663907,0.707413689423422,5.553650309760577e-39
price,chargeoff,age_b,0-3,0.007395762235456972,0.003072221241049774,0.017803828159433436,6.848089157078143e-28
price,chargeoff,age_b,10-12,1.3931713794979286,1.30877405657518,1.48301113007329,2.4897954049750354e-25
price,chargeoff,age_b,13-18,1.7262516812687363,1.5343952770862044,1.9420972624094708,1.062520158617336e-19
price,chargeoff,age_b,19-24,2.053105324083531,1.7786397009192614,2.369924313283664,8.803015058976991e-23
price,chargeoff,age_b,25-36,2.672304640485007,2.4011580422650862,2.97406999700077,1.7289671814832735e-72
price,chargeoff,age_b,37-48,3.219552487865774,2.7456043557347476,3.7753138759676803,5.875858582521501e-47
price,chargeoff,age_b,4-6,0.21713884428024222,0.12864305665414263,0.3665124175502166,1.078505111452044e-08
price,chargeoff,age_b,49-60,2.310687494296647,1.1013741008048183,4.847832078489309,0.02673477762521111
price,chargeoff,age_b,61+,5.012867228062331,1.917508289321521,13.1049435280787,0.0010098741621229971
price,chargeoff,score_b,360,1.4548049823265485e-10,3.231787357539898e-11,6.548876217565377e-10,2.1586181527024322e-191
price,chargeoff,score_b,380,1.2538150439017512,0.5518672244259746,2.848605778227766,0.589044787748298
price,chargeoff,score_b,400,1.2715420354822902,0.6890972978862185,2.346285717500244,0.4421346155973107
price,chargeoff,score_b,420,1.0742962135529948,0.9285125672645853,1.2429690185608766,0.33547471164104137
price,chargeoff,score_b,440,1.3077309305953424,1.1870583784911315,1.4406706677809247,5.590256332983478e-08
price,chargeoff,score_b,460,1.1330089384947424,0.9364270710453653,1.370858761351201,0.19900523155102567
price,chargeoff,score_b,480,1.1328731355632902,1.021295727556261,1.2566404682333314,0.018359219088597473
price,chargeoff,score_b,500,1.080983857759598,0.9527365291882487,1.2264944871300685,0.2268370067756219
price,chargeoff,score_b,520,1.0591916114136044,0.9616294488741199,1.16665194790203,0.24346109178124997
price,chargeoff,score_b,540,1.038556493899839,0.9418259087471825,1.1452218302810124,0.4481949888628063
price,chargeoff,score_b,560,1.0110053902168157,0.9442594454450853,1.082469340368276,0.753451336789059
price,chargeoff,score_b,580,0.9890159092766441,0.9303647878595482,1.0513644557127984,0.7232627155554047
price,chargeoff,score_b,600,0.9614690004969839,0.8892799922206412,1.0395180899193206,0.3237855917604141
price,chargeoff,score_b,620,0.9473964610682125,0.8764634001123691,1.0240702057033975,0.17353362662397198
price,chargeoff,score_b,640,1.011484486183543,0.9690465501812647,1.0557809277568864,0.6015547392126757
price,chargeoff,score_b,680,0.9740408032337728,0.8232255605174263,1.1524854570452927,0.7592656164855626
price,chargeoff,score_b,700,0.887583121810118,0.6916600510616249,1.139004337337395,0.34868251966374875
price,chargeoff,score_b,720,0.7345903947603486,0.5163969291091944,1.0449772600411011,0.0862903083271602
price,chargeoff,score_b,740,0.5611424301594063,0.35861938221849554,0.8780362761691369,0.01142698242683463
price,chargeoff,score_b,760,0.39494938592741663,0.22309248722339747,0.6991943986363164,0.0014334019590326187
price,chargeoff,score_b,780,0.31095150685503975,0.16717874490769738,0.5783680196235754,0.00022488852435263457
price,chargeoff,score_b,800,0.1936714577039131,0.10694286889445644,0.35073524693054997,6.033637171561557e-08
price,chargeoff,score_b,820,0.15807307780502114,0.0661968930210752,0.3774663248741461,3.270409659607114e-05
price,chargeoff,score_b,840,0.09554146052884752,0.03312115890234389,0.27559937461425466,1.3967336900753433e-05
price,chargeoff,score_b,860,0.05417690925369815,0.014196977011824584,0.20674383665190013,1.982519392474279e-05
price,chargeoff,score_b,880,0.07632095109404727,0.006945332378638016,0.8386765756259195,0.035393734317693375
price,chargeoff,score_b,900,2.095343573964832e-09,3.0330159252719614e-10,1.4475574151698644e-08,2.62085990056864e-91
price,chargeoff,score_b,none,0.9588435634114059,0.8790774733083214,1.0458475015125608,0.3429323927754
price,chargeoff,lender,americredit,1.1611439767292862,0.9156496779119211,1.4724576082080962,0.21764042559875496
price,chargeoff,lender,capone,0.45272220931558715,0.2670523793808871,0.7674801448417841,0.003254258254644642
price,chargeoff,lender,carmax,0.3611645070562543,0.26937029662281214,0.4842397353849171,9.979523137033878e-12
price,chargeoff,lender,exeter,1.0041868789615198,0.8971291361195771,1.124020218806126,0.9420923699106807
price,chargeoff,lender,honda,0.4680451786968658,0.30991147437723016,0.706867306999835,0.00030716660448797383
price,chargeoff,lender,toyota,0.5608261024027038,0.38557891524885696,0.8157238497681063,0.0024825474332046504
price,chargeoff,cohort_q,2017Q3,11948823767.727308,,,
price,chargeoff,cohort_q,2017Q4,1.1852438924756834,0.0,inf,0.9999994195289952
price,chargeoff,cohort_q,2018Q1,5831638053.773861,,,
price,chargeoff,cohort_q,2018Q2,6854888287.467415,,,
price,chargeoff,cohort_q,2018Q3,4805209273.7085495,,,
price,chargeoff,cohort_q,2018Q4,3448934712.7291164,,,
price,chargeoff,cohort_q,2019Q1,3904569699.493637,,,
price,chargeoff,cohort_q,2019Q2,4045797746.1529503,,,
price,chargeoff,cohort_q,2019Q3,5778017231.65099,,,
price,chargeoff,cohort_q,2019Q4,3680277369.35504,0.0,inf,0.9998665970559508
price,chargeoff,cohort_q,2020Q1,3815492508.2809615,,,
price,chargeoff,cohort_q,2020Q2,2932120684.0644984,,,
price,chargeoff,cohort_q,2020Q3,2574117239.4821076,,,
price,chargeoff,cohort_q,2020Q4,2498762201.811529,0.0,inf,0.9999462660173035
price,chargeoff,cohort_q,2021Q1,8291568918.667473,0.0,inf,0.9998809610113486
price,chargeoff,cohort_q,2021Q2,6679973201.405613,0.0,inf,0.9999086511859598
price,chargeoff,cohort_q,2021Q3,8211900872.582071,0.0,inf,0.9998622260606597
price,chargeoff,cohort_q,2021Q4,7684026082.30096,0.0,inf,0.9998968976589196
price,chargeoff,cohort_q,2022Q1,9527955054.27858,,,
price,chargeoff,cohort_q,2022Q2,11307869386.933798,0.0,inf,0.9999006372349276
price,chargeoff,cohort_q,2022Q3,9751939729.33781,0.0,inf,0.9999473606705404
price,chargeoff,cohort_q,2022Q4,9528809965.540121,0.0,inf,0.9999404773813811
price,chargeoff,cohort_q,2023Q1,8913561496.127844,0.0,inf,0.9999205569560643
price,chargeoff,cohort_q,2023Q2,8658381891.362738,0.0,inf,0.999933655033376
price,chargeoff,cohort_q,2023Q3,8167675555.289549,0.0,inf,0.9999319105099479
price,chargeoff,cohort_q,2023Q4,8402081327.9851055,,,
price,chargeoff,cohort_q,2024Q1,9565617268.55889,0.0,inf,0.9998317157376753
price,chargeoff,cohort_q,2024Q2,13679638050.0881,0.0,inf,0.9998264855948261
price,chargeoff,cohort_q,2024Q3,12297622631.116703,0.0,inf,0.9999117205860522
price,chargeoff,cohort_q,2024Q4,14248322662.764696,0.0,inf,0.9998311641702784
price,chargeoff,cohort_q,2025Q1,14356501319.073656,0.0,inf,0.9999471272116152
price,chargeoff,cohort_q,2025Q2,18223991393.43627,,,
price,chargeoff,cohort_q,2025Q3,16738243731.218672,0.0,inf,0.9999477264902737
price,chargeoff,cohort_q,2025Q4,12889793356.500698,0.0,inf,0.9999385229582216
price,chargeoff,cohort_q,2026Q1,10265761446.285057,0.0,inf,0.999929659648511
price,chargeoff,amount_q,1,1.0113674386187772,0.9740082525154322,1.050159578480676,0.5561317377503869
price,chargeoff,amount_q,2,1.0194257007370229,0.9330143431681567,1.113840067875431,0.6703052268171535
price,chargeoff,amount_q,3,1.0334362768159169,0.9398592248783374,1.1363303247647467,0.49703710146801416
price,chargeoff,amount_q,4,1.1119585765031637,0.9683801499725402,1.276824887306915,0.13246241873014378
price,chargeoff,pti_q,1,1.2772424281895463,1.1524911380101555,1.4154974095368298,3.0639963043429682e-06
price,chargeoff,pti_q,2,1.4662625423436408,1.3280881545630552,1.6188126034354766,3.490444894929957e-14
price,chargeoff,pti_q,3,1.6508660170957727,1.4941149657297903,1.8240621832406836,6.968026967381407e-23
price,chargeoff,pti_q,4,1.8169182561092432,1.6466802890684509,2.004755854125503,1.2352092783488078e-32
price,chargeoff,ltv_q,1,1.6949626317899453,1.474163123028199,1.9488333945451317,1.2643268270828873e-13
price,chargeoff,ltv_q,2,2.0801829822416575,1.7312053739822293,2.4995077445110883,5.388867214577988e-15
price,chargeoff,ltv_q,3,2.327315743850181,1.8540547396943512,2.9213800734199675,3.276431742233129e-13
price,chargeoff,ltv_q,4,2.5462613352344365,1.9110809909435615,3.3925546944552942,1.7291637831428978e-10
price,chargeoff,apr_q,1,1.8741001343075867,1.2990033183892455,2.7038047275867467,0.0007827856667155499
price,chargeoff,apr_q,2,3.045548527519845,2.189038899575357,4.237186390464594,3.8407768297167986e-11
price,chargeoff,apr_q,3,5.643446617415751,3.8812092862540144,8.205816119326085,1.3008970366603699e-19
price,chargeoff,apr_q,4,11.014539475355104,7.162228847284445,16.9388723037179,8.68430526669633e-28
price,prepay,age_b,0-3,0.5208618247009681,0.45615795378135954,0.5947436368956903,5.5303373163140895e-22
price,prepay,age_b,10-12,1.014510187400116,0.9675691517162808,1.0637285392087596,0.5511751823935247
price,prepay,age_b,13-18,1.0475308243916641,0.9951944495625714,1.1026195217758665,0.07577381861455013
price,prepay,age_b,19-24,1.1301957833981493,1.0102663102293,1.264362174485496,0.03248240426182672
price,prepay,age_b,25-36,1.2191151878118236,1.0411931864110688,1.4274409980307743,0.013836414839302728
price,prepay,age_b,37-48,1.6031043690872264,1.2047982420038728,2.1330904450126957,0.0012019397693765464
price,prepay,age_b,4-6,0.8331646782592254,0.7777423465955119,0.8925364346398628,2.0253674153528207e-07
price,prepay,age_b,49-60,1.8728627116078107,1.549992917112736,2.262987590333512,8.060414931440105e-11
price,prepay,age_b,61+,3.6447836495750203,2.76674969718946,4.801463560546916,3.692804523371471e-20
price,prepay,score_b,360,6.884124984644479e-10,1.5497069270816002e-10,3.05807349609343e-09,3.094516719790064e-169
price,prepay,score_b,380,0.19970464597589577,0.03919136686177131,1.0176206858266061,0.05250864940744857
price,prepay,score_b,400,0.6850061480018124,0.38636281057900046,1.214489101829162,0.19536528621446259
price,prepay,score_b,420,0.6781870873417297,0.5750999851941787,0.7997526295914683,3.908167252395319e-06
price,prepay,score_b,440,0.550424641271923,0.49013581736558853,0.6181292510874474,6.274482186866174e-24
price,prepay,score_b,460,0.6860874805962321,0.6128990430915562,0.768015607687233,5.911352606538354e-11
price,prepay,score_b,480,0.6258603796822625,0.5628814681219871,0.6958857895302686,4.7061158448383344e-18
price,prepay,score_b,500,0.6752573038794243,0.6147747102846504,0.7416902790802613,2.3760531692731975e-16
price,prepay,score_b,520,0.6861613274927072,0.6289485003402642,0.7485785673896029,2.2724449389132313e-17
price,prepay,score_b,540,0.7237439944128371,0.6547206464443202,0.8000440680973624,2.5749156147388973e-10
price,prepay,score_b,560,0.7748516909572836,0.7010768021646558,0.8563899720053098,5.827769972015162e-07
price,prepay,score_b,580,0.8128514344259522,0.7364707574533241,0.8971536856848026,3.8624928379866196e-05
price,prepay,score_b,600,0.8940710099880022,0.8037991538785656,0.9944809807820854,0.039219583317741946
price,prepay,score_b,620,0.970235560101678,0.8719704921852457,1.0795744242751626,0.5791617602530517
price,prepay,score_b,640,0.9856742795946868,0.9224674444530083,1.0532120036285975,0.6695770173481197
price,prepay,score_b,680,1.0250072850918468,0.9671021754006185,1.0863794552588353,0.40512695681389466
price,prepay,score_b,700,1.0129182432904158,0.9793703089765343,1.0476153485424122,0.4551090587303894
price,prepay,score_b,720,1.043911970252761,0.9978209432039812,1.0921320193358848,0.06214193737053704
price,prepay,score_b,740,1.038710265491276,0.9823070137778599,1.0983521450055995,0.1824372562412635
price,prepay,score_b,760,1.0532575915712201,0.991254144008221,1.1191393861080359,0.09370027979416928
price,prepay,score_b,780,1.1121363066137189,1.0401617812984545,1.1890911459411853,0.0018491072768929894
price,prepay,score_b,800,1.151943351642232,1.032125026174751,1.285671262434893,0.011595196451916642
price,prepay,score_b,820,1.1516771157398633,1.0451555404051767,1.26905530099826,0.004346203772633249
price,prepay,score_b,840,1.1346636030730592,1.0270991145404114,1.2534929432928466,0.012913568329283883
price,prepay,score_b,860,1.1188477192850395,1.011011548413979,1.2381858752386394,0.02987438073908868
price,prepay,score_b,880,1.0690094959494396,0.9581433831363356,1.1927038505336807,0.23225711444585673
price,prepay,score_b,900,1.1128317071206784,0.8780790107955668,1.4103450750418227,0.376485562444549
price,prepay,score_b,none,1.2363081518658574,1.0267378434835854,1.4886544370314796,0.02519522432271582
price,prepay,lender,americredit,0.796164255998659,0.7172948121529212,0.8837057117802782,1.845744522958546e-05
price,prepay,lender,capone,1.027436178340646,0.8706700239453318,1.212428441925449,0.7486448165693698
price,prepay,lender,carmax,1.0320807994781727,0.8733081640945526,1.2197192473929241,0.71101001447006
price,prepay,lender,exeter,0.8712396574760626,0.770083709288958,0.9856831557440283,0.02859909615067238
price,prepay,lender,honda,0.93065075479703,0.7844954999872891,1.1040354309467868,0.4096398475735318
price,prepay,lender,toyota,1.0502653756914198,0.8691475237699121,1.2691255847934158,0.611581762114618
price,prepay,cohort_q,2017Q3,0.7632358324963213,0.7516491252234708,0.7750011494168405,1.378273447051797e-262
price,prepay,cohort_q,2017Q4,0.86009429760556,0.83433858005046,0.886645084455835,2.5774747766255144e-22
price,prepay,cohort_q,2018Q1,1.2662088107629237,1.2123389966554907,1.3224723092111024,1.9300784651920365e-26
price,prepay,cohort_q,2018Q2,1.225551392201932,1.1566818048202883,1.298521519633875,5.4768262016884784e-12
price,prepay,cohort_q,2018Q3,1.2140566700581077,1.1458192767211879,1.2863578297707705,4.966969093073542e-11
price,prepay,cohort_q,2018Q4,0.9035390252995007,0.857541868471266,0.952003395116476,0.0001417791970577329
price,prepay,cohort_q,2019Q1,0.79106413436691,0.6616428315454298,0.945801019592398,0.01013206314874145
price,prepay,cohort_q,2019Q2,0.7672838889110557,0.5978201429420327,0.9847854294189593,0.03749167148861846
price,prepay,cohort_q,2019Q3,0.7564124792191326,0.6114881386640224,0.9356842799412068,0.010095079368850936
price,prepay,cohort_q,2019Q4,0.6171753642967293,0.5615513092320554,0.6783092195363312,1.3144827562776843e-23
price,prepay,cohort_q,2020Q1,0.6344746479824654,0.49428979615543495,0.8144171335592056,0.000355020358897839
price,prepay,cohort_q,2020Q2,0.6321322724824111,0.4717951792998374,0.8469590776802476,0.0021208147131276675
price,prepay,cohort_q,2020Q3,0.4954130366316935,0.3608661018272607,0.6801250536469619,1.3979238594248536e-05
price,prepay,cohort_q,2020Q4,0.3029959928070051,0.272677830301616,0.3366851333515199,3.6188055678379677e-109
price,prepay,cohort_q,2021Q1,0.3297655853873074,0.2611693555138464,0.41637864094690147,1.1269976023407503e-20
price,prepay,cohort_q,2021Q2,0.3059997402305794,0.2813150244680961,0.3328504803404175,1.3025044189384478e-167
price,prepay,cohort_q,2021Q3,0.4056045353477722,0.3290392532445218,0.4999860578106305,2.810794777946818e-17
price,prepay,cohort_q,2021Q4,0.33195154901134905,0.2466060488694013,0.44683344709597905,3.527391755886815e-13
price,prepay,cohort_q,2022Q1,0.3592720791322471,0.26359975703468214,0.4896682314734643,9.202343795461489e-11
price,prepay,cohort_q,2022Q2,0.35830554549964894,0.2757315470347924,0.4656081805525189,1.6000908569295942e-14
price,prepay,cohort_q,2022Q3,0.3225841491833639,0.2835104302161315,0.36704305102646567,4.12269835794948e-66
price,prepay,cohort_q,2022Q4,0.3111408077415519,0.24769371953579908,0.39083995518131687,1.080614678083686e-23
price,prepay,cohort_q,2023Q1,0.32940344664001797,0.2602422429760142,0.416944725873439,2.5757894649970832e-20
price,prepay,cohort_q,2023Q2,0.343044543404115,0.2539134793094856,0.4634632201463497,3.1758155837574613e-12
price,prepay,cohort_q,2023Q3,0.35971389966808415,0.25208376892654155,0.5132979809268345,1.7378436339707578e-08
price,prepay,cohort_q,2023Q4,0.37064432734682956,0.2619423882143204,0.5244558482149219,2.0933057916936867e-08
price,prepay,cohort_q,2024Q1,0.3489315963653992,0.24328034147042596,0.5004648472877398,1.0544792594603025e-08
price,prepay,cohort_q,2024Q2,0.31455314235052045,0.2380296473544165,0.4156779647505995,4.2176138342797324e-16
price,prepay,cohort_q,2024Q3,0.3241618391618322,0.24771677186084184,0.424197752858705,2.226455064253179e-16
price,prepay,cohort_q,2024Q4,0.38640531430058905,0.2839770542180034,0.525778631414056,1.4395030321644828e-09
price,prepay,cohort_q,2025Q1,0.3347626361754453,0.2502323222775981,0.44784791013053793,1.7085326241442653e-13
price,prepay,cohort_q,2025Q2,0.28173562810365316,0.20576402865982135,0.3857572417294878,2.7630822748098083e-15
price,prepay,cohort_q,2025Q3,0.35589681813732443,0.260983615678583,0.48532757441855773,6.66666133549995e-11
price,prepay,cohort_q,2025Q4,0.38802763922004435,0.26219289265147233,0.5742545012416659,2.2084031689626825e-06
price,prepay,cohort_q,2026Q1,0.43388662874385503,0.27838511957958717,0.6762488127490851,0.00022629890051641558
price,prepay,amount_q,1,0.8734473673875169,0.8390496137872412,0.9092552943950656,4.0959929751467974e-11
price,prepay,amount_q,2,0.8815875806690395,0.842469520906716,0.922521994093537,5.2550578032665643e-08
price,prepay,amount_q,3,0.9148330304452887,0.8461374110381324,0.9891058623290131,0.02541733196748623
price,prepay,amount_q,4,0.9495741534491593,0.8485909972306281,1.062574403736725,0.3670841016585318
price,prepay,pti_q,1,0.9462313519489131,0.9241754681509672,0.9688136098250215,4.371781125743863e-06
price,prepay,pti_q,2,0.9229847834960948,0.8891308387851266,0.958127728118549,2.628620408367539e-05
price,prepay,pti_q,3,0.8974095122283942,0.856594135926478,0.9401696776349722,5.171579147713991e-06
price,prepay,pti_q,4,0.904422750084145,0.8363911763855794,0.977987972571193,0.01180832660908114
price,prepay,ltv_q,1,0.7938257462248773,0.7529141687837915,0.8369603621451323,1.204024470420326e-17
price,prepay,ltv_q,2,0.7538132754548664,0.7168310747787676,0.7927034335493421,3.379337495056181e-28
price,prepay,ltv_q,3,0.7050222606132786,0.6657411564048923,0.7466210901612886,6.515238918526102e-33
price,prepay,ltv_q,4,0.6757142923934869,0.6351928077321958,0.7188208043081842,1.954263219641669e-35
price,prepay,apr_q,1,0.9210064403891776,0.7553246374150167,1.123030841601248,0.41607831252968475
price,prepay,apr_q,2,1.0111808447735273,0.7468108846986445,1.3691373837561318,0.9426754889302801
price,prepay,apr_q,3,0.9935660564184928,0.7366358100289113,1.3401106693798273,0.9662739687235538
price,prepay,apr_q,4,0.917809513229583,0.6747848285061357,1.248359872642075,0.5847314376672874
