lender,var,cutoff,left,right,jump,se,t,n_left,n_right,stable_across_bandwidths,flag,known_selection
americredit,orig_apr,485,0.17947958293184965,0.17456508728245762,-0.004914495649392031,0.0013621416127218605,-3.607918298283084,1187,3933,False,False,False
americredit,orig_apr,490,0.17672345843278195,0.17529287292525086,-0.0014305855075310847,0.0011829699863768282,-1.2093168246073998,1585,4764,False,False,False
americredit,orig_apr,495,0.17450769716263395,0.17820321415612117,0.003695516993487219,0.0010601043268214766,3.485993689477272,2061,5318,True,False,False
americredit,orig_apr,500,0.17653197103746665,0.17891331735170501,0.002381346314238364,0.0009567394217122487,2.489022883552282,2671,6059,False,False,False
americredit,orig_apr,505,0.17986465737270696,0.17662321745999823,-0.0032414399127087268,0.0008701733481017917,-3.7250507841680616,3266,6698,True,False,False
americredit,orig_apr,510,0.17705853209745068,0.17679377571276403,-0.0002647563846866485,0.0008074338784712909,-0.32789853354668497,3933,7328,False,False,False
americredit,orig_apr,515,0.17726449385952928,0.17457870612725634,-0.0026857877322729318,0.0007467199705479956,-3.5967803704270986,4764,7704,True,False,False
americredit,orig_apr,520,0.1747504693981067,0.17605884582652676,0.0013083764284200494,0.0007075518894924506,1.8491596840460554,5318,8546,False,False,False
americredit,orig_apr,525,0.1748849899639417,0.17682106727298347,0.0019360773090417727,0.0006750097740588946,2.8682211479694066,6059,9124,True,False,False
americredit,orig_apr,530,0.17644687448824764,0.176821370932457,0.0003744964442093657,0.0006503651167698033,0.5758249244199833,6698,9496,False,False,False
americredit,orig_apr,535,0.1761922949012429,0.17766133061601308,0.0014690357147701671,0.0006237945502227386,2.3549992769985213,7328,10097,True,False,False
americredit,orig_apr,540,0.1773158136960278,0.17649171851261403,-0.0008240951834137811,0.00060942964486318,-1.352240066363681,7704,10590,False,False,False
americredit,orig_apr,545,0.17645690718134815,0.17627049615420703,-0.00018641102714112012,0.0005909263211960416,-0.31545561680823775,8546,10778,False,False,False
americredit,orig_apr,550,0.1755255641229984,0.1752776458701551,-0.0002479182528433155,0.0005766314085313196,-0.4299423326154975,9124,11171,False,False,False
americredit,orig_apr,555,0.1740102588979339,0.17481322787281833,0.0008029689748844382,0.000568351979322694,1.41280228467109,9496,11576,False,False,False
americredit,orig_apr,560,0.17365177111560265,0.17239188730387264,-0.001259883811730006,0.0005624490239309206,-2.2399964407881052,10097,11491,True,False,False
americredit,orig_apr,565,0.17092091027077602,0.1710596307862897,0.00013872051551366837,0.0005544951184667244,0.25017445761696655,10590,11718,False,False,False
americredit,orig_apr,570,0.16937732926402516,0.16901902668265634,-0.000358302581368819,0.0005501826316176633,-0.6512429887423511,10778,11980,False,False,False
americredit,orig_apr,575,0.1672094115600648,0.1678523937226146,0.0006429821625497933,0.0005476020312422584,1.1741778259864397,11171,11744,False,False,False
americredit,orig_apr,580,0.16649704041458208,0.16727893454859363,0.000781894134011557,0.0005433637355486308,1.4389884397089614,11576,11693,False,False,False
americredit,orig_apr,585,0.16615497745733931,0.1658360044811338,-0.000318972976205506,0.0005423499703753569,-0.58813126879079,11491,11921,False,False,False
americredit,orig_apr,590,0.16411355054036358,0.16592472296975477,0.001811172429391189,0.0005429279773363826,3.3359349766369446,11718,11791,True,False,False
americredit,orig_apr,595,0.16401804033721137,0.1626533810101544,-0.001364659327056983,0.0005442183289675439,-2.507558555857402,11980,11745,False,False,False
americredit,orig_apr,600,0.1612008672531566,0.16253161496042304,0.001330747707266433,0.0005309723153835229,2.5062468771186874,11744,13467,False,False,False
americredit,orig_apr,605,0.1590711974997998,0.16308730772536742,0.0040161102255676095,0.0005228196618537308,7.681635788768779,11693,14583,True,False,False
americredit,orig_apr,610,0.158497958682614,0.15950515136538496,0.0010071926827709687,0.000507022637184001,1.9864846436934405,11921,16082,False,False,False
americredit,orig_apr,615,0.1557208108264221,0.152933039996983,-0.0027877708294391235,0.0004971564401952997,-5.6074317941933804,11791,17577,False,False,False
americredit,orig_apr,620,0.15457776123975844,0.1407436711827646,-0.013834090056993847,0.0005022399252846353,-27.544783599499045,11745,15847,True,True,False
americredit,orig_apr,625,0.13894307734313946,0.13734399380549106,-0.0015990835376483992,0.0004975436259593768,-3.213956433599172,13467,12644,False,False,False
americredit,orig_apr,630,0.1342781750335344,0.13423692643154547,-4.124860198892466e-05,0.0005198086414465302,-0.07935343643795055,14583,9887,False,False,False
americredit,orig_apr,635,0.13322757480354847,0.13472316130178175,0.0014955864982332812,0.0005996719949975622,2.4940075753235087,16082,6432,False,False,False
americredit,orig_apr,640,0.1339982369436868,0.15719932226060154,0.023201085316914755,0.0008671763064523551,26.754750036738326,17577,3265,True,True,True
americredit,orig_apr,645,0.14305846130106806,0.15270557837110457,0.009647117070036515,0.0008856228489601198,10.893030911932728,15847,3045,False,False,False
americredit,orig_apr,650,0.1535594407946605,0.15551015092327442,0.0019507101286139195,0.0009251306844049877,2.108577913906887,12644,2740,False,False,False
americredit,orig_apr,655,0.16022967953215972,0.15485318406936482,-0.005376495462794895,0.000996401591133358,-5.395912160958509,9887,2410,False,False,False
americredit,orig_apr,660,0.16018548001458388,0.1491535701230161,-0.01103190989156777,0.0010977061333628118,-10.049966522252749,6432,2116,True,True,False
americredit,orig_apr,665,0.15286563219379878,0.14624430304919334,-0.006621329144605448,0.0013404198104529468,-4.939742827560872,3265,1692,True,True,False
americredit,orig_apr,670,0.14767639381366485,0.1479698236578375,0.00029342984417266016,0.0014731672117079984,0.1991829860457293,3045,1391,False,False,False
americredit,orig_apr,675,0.1469658047629695,0.15265476881742954,0.005688964054460038,0.001581431373140507,3.597351204157871,2740,1152,True,True,False
americredit,orig_apr,680,0.15019450175359625,0.16154314651905677,0.01134864476546052,0.001770327254430669,6.410478479082221,2410,911,True,True,False
americredit,orig_amount,485,22762.284331429968,23068.057609823423,305.77327839345526,284.8540169156459,1.0734385342510517,1187,3933,False,False,False
americredit,orig_amount,490,23135.128223702763,23159.3589872546,24.2307635518373,250.16024153909186,0.09686096960396012,1585,4764,False,False,False
americredit,orig_amount,495,23477.58857858243,23107.918374916757,-369.6702036656716,228.51844289601843,-1.6176821397031866,2061,5318,False,False,False
americredit,orig_amount,500,23467.66297816448,23437.772001200516,-29.89097696396493,209.13879548456887,-0.1429241135998147,2671,6059,False,False,False
americredit,orig_amount,505,23187.553471306364,24214.177283328543,1026.6238120221788,192.20163777037888,5.341389511200079,3266,6698,True,False,False
americredit,orig_amount,510,23829.02775007437,24537.269826606782,708.2420765324132,183.46994251454353,3.8602621597064672,3933,7328,True,False,False
americredit,orig_amount,515,24823.413663222746,24526.031927192576,-297.3817360301691,175.27656483231678,-1.6966428815778518,4764,7704,False,False,False
americredit,orig_amount,520,24855.049900103317,24832.747092148435,-22.302807954882155,169.68159641566018,-0.13143916857222468,5318,8546,False,False,False
americredit,orig_amount,525,24918.98335057424,25105.608386451062,186.62503587682295,163.4944502207642,1.1414762741171083,6059,9124,False,False,False
americredit,orig_amount,530,25350.767402305275,25006.88750049105,-343.87990181422356,160.00833111686157,-2.149137481866941,6698,9496,True,False,False
americredit,orig_amount,535,25498.63472040411,25034.431247159624,-464.2034732444845,155.15686843382662,-2.991833219697033,7328,10097,True,False,False
americredit,orig_amount,540,25201.74944564878,25483.60345919019,281.8540135414114,152.4155405792044,1.8492472123926424,7704,10590,False,False,False
americredit,orig_amount,545,25530.808021211556,25619.1159760236,88.30795481204404,149.65869878197861,0.5900622919399443,8546,10778,False,False,False
americredit,orig_amount,550,25874.29373453482,25559.90206135802,-314.39167317679676,149.55559855261023,-2.1021725446553643,9124,11171,True,False,False
americredit,orig_amount,555,25994.014220698446,25612.461370568453,-381.5528501299923,150.3187710464866,-2.5382914420714346,9496,11576,False,False,False
americredit,orig_amount,560,25740.804358381145,25990.823343397384,250.01898501623873,151.96447487997753,1.6452462670219816,10097,11491,True,False,False
americredit,orig_amount,565,26008.36989342125,26389.33443748813,380.96454406687917,153.08114301863583,2.4886444963407492,10590,11718,False,False,False
americredit,orig_amount,570,26456.384904070906,26667.10530831554,210.72040424463194,154.4228579860728,1.364567441587155,10778,11980,False,False,False
americredit,orig_amount,575,26834.450519744976,26881.094955189106,46.64443544413007,156.46087356689011,0.2981220440661074,11171,11744,False,False,False
americredit,orig_amount,580,27185.881242869556,26819.278194664883,-366.60304820467354,157.823750329782,-2.3228636212143923,11576,11693,True,False,False
americredit,orig_amount,585,27165.099774263384,27294.7401721465,129.64039788311493,159.82384170263163,0.8111455493875811,11491,11921,False,False,False
americredit,orig_amount,590,27650.840694307077,27301.256923951107,-349.58377035597005,162.1886290540928,-2.1554147932243612,11718,11791,True,False,False
americredit,orig_amount,595,27674.919312200665,27904.71254985566,229.7932376549943,164.9411275537149,1.3931833804165041,11980,11745,False,False,False
americredit,orig_amount,600,28127.91929684218,28048.71866160289,-79.20063523929275,163.53441380214522,-0.4843056173798069,11744,13467,False,False,False
americredit,orig_amount,605,28731.039325745376,27890.93529304422,-840.1040327011578,164.6334430347849,-5.102875923718942,11693,14583,True,False,False
americredit,orig_amount,610,28601.24791715651,28614.09934740763,12.8514302511212,163.49757216625682,0.07860318707395168,11921,16082,False,False,False
americredit,orig_amount,615,29085.42330224093,29256.295283996107,170.8719817551755,164.36851398222407,1.0395663841899476,11791,17577,False,False,False
americredit,orig_amount,620,29099.454329673426,30550.608321810098,1451.1539921366711,171.78522092497516,8.447490327299127,11745,15847,True,True,False
americredit,orig_amount,625,31179.73480447798,30556.929324955596,-622.8054795223834,179.43627772109332,-3.4709005750244146,13467,12644,False,False,False
americredit,orig_amount,630,31153.79465805503,31369.98019231575,216.18553426071958,192.4933572887539,1.1230804912214487,14583,9887,False,False,False
americredit,orig_amount,635,31065.613932584245,31970.984982439277,905.3710498550317,222.8997029853059,4.061786703747721,16082,6432,True,False,False
americredit,orig_amount,640,31908.806263406204,30111.12205793988,-1797.6842054663248,281.51177255546577,-6.385822479634063,17577,3265,True,True,True
americredit,orig_amount,645,31667.577967567402,30901.150017593314,-766.4279499740878,298.3083811373693,-2.5692471228998164,15847,3045,True,False,False
americredit,orig_amount,650,31385.55040680241,31877.705516680286,492.1551098778764,326.14116191604035,1.5090248252827823,12644,2740,False,False,False
americredit,orig_amount,655,31210.67836457629,32951.52559668946,1740.8472321131703,356.2992210717234,4.885913662333648,9887,2410,True,True,False
americredit,orig_amount,660,32394.22207525899,32420.39440254539,26.172327286400105,397.38254690746845,0.06586179360437387,6432,2116,False,False,False
americredit,orig_amount,665,33068.18505760152,31974.558568731874,-1093.626488869646,477.63175303452806,-2.2896854782403624,3265,1692,False,False,False
americredit,orig_amount,670,32618.916383116568,32345.254681949416,-273.6617011671515,515.481133207649,-0.5308859695101849,3045,1391,False,False,False
americredit,orig_amount,675,32506.440731246807,33184.13596073149,677.6952294846815,562.7135107427165,1.2043343842770053,2740,1152,False,False,False
americredit,orig_amount,680,33973.0186452411,31244.787091930983,-2728.2315533101173,608.1535195689193,-4.486090214924653,2410,911,True,True,False
capone,orig_apr,710,0.0824759250457841,0.08191164971677788,-0.000564275329006228,0.0004204265004896674,-1.3421497654144565,1423,5539,False,False,False
capone,orig_apr,715,0.08196807188687753,0.08083419253685106,-0.0011338793500264704,0.0003353975544069104,-3.3807024980594447,2289,6112,True,False,False
capone,orig_apr,720,0.08023812477196111,0.08091112170025873,0.0006729969282976145,0.0002886003016812439,2.3319342508551246,3243,7207,True,False,False
capone,orig_apr,725,0.07998603095781873,0.08076565682746516,0.0007796258696464303,0.0002545246384060723,3.063066406964515,4326,8280,False,False,False
capone,orig_apr,730,0.07933414850164812,0.08043731707647829,0.0011031685748301712,0.00023561629935516264,4.682055434404731,4961,9317,True,False,False
capone,orig_apr,735,0.07977111935104036,0.07868075860266543,-0.00109036074837493,0.00022253585790645776,-4.899708112807868,5539,10392,True,False,False
capone,orig_apr,740,0.07881675557046659,0.07709837414830827,-0.0017183814221583271,0.00021146686752121212,-8.12600783423416,6112,11475,True,False,False
capone,orig_apr,745,0.07684327181394554,0.07643760280476655,-0.0004056690091789883,0.00019835536924289835,-2.0451627335694735,7207,11949,False,False,False
capone,orig_apr,750,0.07542706983104479,0.07651610524292153,0.0010890354118767431,0.00018825156851870928,5.7850004674383895,8280,12509,True,False,False
capone,orig_apr,755,0.07546401437099888,0.07612964154533228,0.0006656271743333969,0.00018038374420124766,3.6900618582946176,9317,13064,False,False,False
capone,orig_apr,760,0.07538231067249684,0.07556460603589876,0.00018229536340191865,0.00017284007652649036,1.0547054078281384,10392,13702,True,False,False
capone,orig_apr,765,0.07508584820133693,0.0749639853583178,-0.00012186284301912709,0.00016569386346016392,-0.7354698627594336,11475,14321,False,False,False
capone,orig_apr,770,0.07458211705721182,0.07454818539709027,-3.3931660121555574e-05,0.00016144647821428573,-0.21017281080927971,11949,15017,False,False,False
capone,orig_apr,775,0.07382603333046399,0.07442641954057122,0.0006003862101072316,0.00015727639622867742,3.8173955183604247,12509,15555,True,False,False
capone,orig_apr,780,0.0739324685152727,0.07376926054345255,-0.00016320797182015068,0.00015361329570679738,-1.0624599327109465,13064,16046,False,False,False
capone,orig_apr,785,0.07358761692187056,0.07338481656960405,-0.0002028003522665106,0.00014980243215265048,-1.3537854449509512,13702,16523,False,False,False
capone,orig_apr,790,0.0727612575425372,0.07329039008243002,0.0005291325398928126,0.00014624724403916866,3.618068452292323,14321,16983,True,False,False
capone,orig_apr,795,0.07270084914992007,0.07252733213946766,-0.00017351701045241474,0.0001428871870724788,-1.2143636809394192,15017,17270,False,False,False
capone,orig_apr,800,0.07230075769339009,0.07169871955484121,-0.0006020381385488799,0.00013971739673985197,-4.308970483252348,15555,17549,True,False,False
capone,orig_apr,805,0.071382528362919,0.0715903332185042,0.00020780485558520578,0.00013760417038444342,1.5101639361992678,16046,17472,False,False,False
capone,orig_apr,810,0.07098023401781388,0.07141716356423954,0.0004369295464256573,0.00013660902695791807,3.198394397174441,16523,16925,True,False,False
capone,orig_apr,815,0.07097548908452911,0.07078026727191987,-0.0001952218126092392,0.0001370964955545334,-1.423973762564814,16983,15783,False,False,False
capone,orig_apr,820,0.07057290672309002,0.07043438244789753,-0.00013852427519249477,0.00013927670975888716,-0.9945975564206321,17270,14321,False,False,False
capone,orig_apr,825,0.07017317442797594,0.06996218725555808,-0.00021098717241785359,0.00014429450017719683,-1.4621982969465688,17549,12240,False,False,False
capone,orig_apr,830,0.06959609439493902,0.07012556071832059,0.0005294663233815639,0.00015243778776156714,3.4733272580006163,17472,9960,True,False,False
capone,orig_apr,835,0.0698092959360112,0.06978517740431592,-2.4118531695288548e-05,0.00016620908587969442,-0.14510958632397533,16925,7546,False,False,False
capone,orig_apr,840,0.06968784393388712,0.06938692638948309,-0.0003009175444040335,0.0001896909979257003,-1.586356483410453,15783,5360,False,False,False
capone,orig_apr,845,0.06932259879388718,0.06934285354939955,2.0254755512372213e-05,0.0002277574189409894,0.08893126558314265,14321,3433,False,False,False
capone,orig_apr,850,0.06909308673474478,0.06936883503213156,0.0002757482973867881,0.0002907845989335978,0.9482905848454397,12240,2002,False,False,False
capone,orig_amount,710,26993.847391968204,26329.9371077741,-663.9102841941021,349.119924479203,-1.9016682739734354,1423,5539,True,False,False
capone,orig_amount,715,26656.203724441137,25684.20334015127,-972.0003842898659,276.9641784934649,-3.5094805024137834,2289,6112,True,False,False
capone,orig_amount,720,25800.9728218227,25521.265788386372,-279.70703343632704,234.23694834805073,-1.1941200370349458,3243,7207,False,False,False
capone,orig_amount,725,25342.143471607775,25082.502484890512,-259.6409867172624,204.52301502721383,-1.2694952041593686,4326,8280,False,False,False
capone,orig_amount,730,24853.205637756677,25356.512498516513,503.3068607598361,189.42451452512844,2.6570312824693505,4961,9317,True,False,False
capone,orig_amount,735,25176.649503889057,25200.9459228219,24.296418932841334,178.35914511850646,0.13622188487558717,5539,10392,False,False,False
capone,orig_amount,740,24855.522507242247,25614.716404681356,759.1938974391087,168.34089233890765,4.509860241863769,6112,11475,True,False,False
capone,orig_amount,745,25503.391351496408,25572.501617032558,69.11026553615011,159.68635898126854,0.4327875341202867,7207,11949,False,False,False
capone,orig_amount,750,25669.0739432429,25460.790930069783,-208.28301317311707,152.64200624742824,-1.3645196253218552,8280,12509,False,False,False
capone,orig_amount,755,25487.243110337222,25547.371045333857,60.127934996635304,146.1857319944721,0.4113119261112911,9317,13064,False,False,False
capone,orig_amount,760,25440.83323194492,25387.541517685153,-53.291714259765286,139.60452808629677,-0.38173342219116935,10392,13702,False,False,False
capone,orig_amount,765,25051.710898438538,25883.65964694072,831.9487485021818,134.38881100281202,6.190610232311481,11475,14321,True,False,False
capone,orig_amount,770,25814.595129991514,25299.11666355729,-515.4784664342224,131.50851973836137,-3.919734382683162,11949,15017,True,False,False
capone,orig_amount,775,25525.63722139456,25121.058939836574,-404.5782815579878,127.93015883817739,-3.1624933888321887,12509,15555,True,False,False
capone,orig_amount,780,25088.866481564757,25397.474443710602,308.6079621458448,125.16407738535464,2.465627267763928,13064,16046,True,False,False
capone,orig_amount,785,25432.911877790873,25037.58362977545,-395.328248015423,122.56239964677823,-3.225526337235148,13702,16523,True,False,False
capone,orig_amount,790,24971.063695388853,25335.583768098564,364.5200727097108,119.73542688470769,3.0443794472015733,14321,16983,True,False,False
capone,orig_amount,795,25332.15959998535,24946.130825194065,-386.0287747912844,117.52308783627917,-3.284705855661818,15017,17270,True,False,False
capone,orig_amount,800,24896.61974543997,24975.325111609378,78.70536616940808,115.5528717604836,0.6811199494249479,15555,17549,False,False,False
capone,orig_amount,805,24694.32853592667,25237.377634843182,543.0490989165119,114.64014662120695,4.736988872762439,16046,17472,True,False,False
capone,orig_amount,810,25007.523646896243,24995.209357299354,-12.314289596888557,114.33106466500132,-0.10770729401471384,16523,16925,False,False,False
capone,orig_amount,815,24918.84259532764,24924.2587334017,5.416138074062474,115.02105347555471,0.047088232201016655,16983,15783,False,False,False
capone,orig_amount,820,24963.841133592705,24257.650604754952,-706.1905288377529,116.5193296423557,-6.0607156855891064,17270,14321,True,False,False
capone,orig_amount,825,24231.990083634195,24256.63260197831,24.64251834411334,119.75771822122948,0.2057697717535917,17549,12240,False,False,False
capone,orig_amount,830,23930.289101908565,24544.851745042877,614.5626431343117,126.2586920811988,4.867487798298097,17472,9960,True,False,False
capone,orig_amount,835,24239.939617539807,24297.631824190466,57.6922066506595,136.116119952773,0.4238455127186732,16925,7546,False,False,False
capone,orig_amount,840,24242.184023394737,24010.496820774355,-231.68720262038187,152.98307077051282,-1.514463015113167,15783,5360,False,False,False
capone,orig_amount,845,24055.096820621613,23533.85426725485,-521.2425533667629,179.6119154936314,-2.90204885312993,14321,3433,True,False,False
capone,orig_amount,850,23487.089542276095,23018.101035162537,-468.9885071135577,225.76284007754174,-2.0773503157228017,12240,2002,False,False,False
carmax,orig_apr,655,0.1331396876647641,0.13294004540450868,-0.0001996422602554282,0.0007136478424986243,-0.2797489859374346,2879,14202,False,False,False
carmax,orig_apr,660,0.12945871857323338,0.13149165505235205,0.0020329364791186744,0.0005510271829797895,3.689357879088949,5550,14573,True,False,False
carmax,orig_apr,665,0.12778995908549068,0.1296638558713703,0.0018738967858796252,0.0004790857346070329,3.911401760723845,8342,14606,True,False,False
carmax,orig_apr,670,0.12713968791336872,0.12565293054014173,-0.0014867573732269823,0.00043897357534335624,-3.3868949220099887,11075,14845,True,False,False
carmax,orig_apr,675,0.1229855668428486,0.12411449916092199,0.0011289323180733862,0.000411058284227406,2.7464044915071884,14018,15046,True,False,False
carmax,orig_apr,680,0.12063487096175853,0.12182275848987155,0.0011878875281130241,0.00040877420262027195,2.90597479121378,14202,15222,True,False,False
carmax,orig_apr,685,0.1188608569954087,0.11945932376452931,0.0005984667691206064,0.0004045082913986235,1.4794919704892924,14573,15403,False,False,False
carmax,orig_apr,690,0.11661941331126785,0.11687372056026711,0.00025430724899926094,0.0004027226815892746,0.6314698938626497,14606,15573,False,False,False
carmax,orig_apr,695,0.11420583695156522,0.1142837810680934,7.794411652818634e-05,0.0003988048236827417,0.1954442672192768,14845,15719,False,False,False
carmax,orig_apr,700,0.1123478043376724,0.11006275997513883,-0.0022850443625335726,0.0003933992685830905,-5.808461136096252,15046,15990,True,False,False
carmax,orig_apr,705,0.1085860411948642,0.10712796145206355,-0.0014580797428006553,0.0003895130329103644,-3.74334006722746,15222,15942,True,False,False
carmax,orig_apr,710,0.10522748679163825,0.10533327344683176,0.00010578665519350716,0.00038401032239883203,0.2754786760227696,15403,16068,False,False,False
carmax,orig_apr,715,0.10216016747410901,0.10335142752598664,0.0011912600518776267,0.0003771618731167821,3.158484822533407,15573,16205,True,False,False
carmax,orig_apr,720,0.10004679745139268,0.1012119009293793,0.0011651034779866232,0.000370452610959086,3.1450810266128775,15719,16192,True,False,False
carmax,orig_apr,725,0.09821638379164317,0.09802371130817682,-0.00019267248346635513,0.0003629686629335759,-0.5308240163465975,15990,15927,False,False,False
carmax,orig_apr,730,0.09553032936342903,0.09616851007059794,0.0006381807071689088,0.0003528516257141963,1.8086375707556586,15942,16340,False,False,False
carmax,orig_apr,735,0.09311874016786195,0.09471468536902147,0.001595945201159521,0.00034153445539532296,4.6728673372419465,16068,16356,False,False,False
carmax,orig_apr,740,0.09126199490907452,0.09185457804424689,0.000592583135172367,0.0003269379150720054,1.8125249714211198,16205,16955,False,False,False
carmax,orig_apr,745,0.08880858892874749,0.08833257161469782,-0.0004760173140496704,0.00031497071690600535,-1.5113065707366222,16192,16904,False,False,False
carmax,orig_apr,750,0.08751752994267295,0.08099358293317473,-0.006523947009498224,0.000301522703446921,-21.63666926210973,15927,17302,True,True,False
carmax,orig_apr,755,0.07960503201137405,0.07937967772843117,-0.00022535428294287452,0.0002846543703978602,-0.791676876866137,16340,17014,False,False,False
carmax,orig_apr,760,0.07570339296048179,0.07834326331369769,0.0026398703532159035,0.00027026640415575266,9.767660029600144,16356,17205,True,False,False
carmax,orig_apr,765,0.07490181031389861,0.0764397090948352,0.001537898780936589,0.0002559928138925313,6.007585750364917,16955,16855,False,False,False
carmax,orig_apr,770,0.07445037410188525,0.074799954335186,0.00034958023330075583,0.0002451916445221221,1.4257428469150604,16904,16989,False,False,False
carmax,orig_apr,775,0.0735527661385063,0.07342054264787021,-0.00013222349063608807,0.00023408129928880129,-0.5648614008800223,17302,16676,False,False,False
carmax,orig_apr,780,0.07194766058796462,0.07325097778521718,0.0013033171972525598,0.00022497851679784066,5.7930740045889975,17014,16980,True,False,False
carmax,orig_apr,785,0.07184352835902466,0.07265863439999322,0.0008151060409685579,0.000215321868249718,3.7855237259192105,17205,16692,False,False,False
carmax,orig_apr,790,0.07144085676016018,0.071174811837578,-0.00026604492258218426,0.0002071847877112673,-1.2840948677802757,16855,16624,True,False,False
carmax,orig_apr,795,0.0700744149882201,0.06950806884332397,-0.0005663461448961321,0.00019864659773432853,-2.851023633707373,16989,16275,False,False,False
carmax,orig_apr,800,0.06921069779436258,0.06602928582558708,-0.0031814119687754994,0.00019108943708566882,-16.64881124407319,16676,16236,True,False,False
carmax,orig_apr,805,0.06519303308846945,0.06536406351421788,0.0001710304257484252,0.00018343453638626766,0.932378542873069,16980,15546,False,False,False
carmax,orig_apr,810,0.06375844498404662,0.06440566017491997,0.0006472151908733514,0.0001775533390713893,3.645187380075821,16692,15254,True,False,False
carmax,orig_apr,815,0.06303231043790306,0.06396590345473055,0.0009335930168274942,0.0001723610007377627,5.416498006111615,16624,14664,False,False,False
carmax,orig_apr,820,0.0630811573446817,0.06371919477855163,0.0006380374338699341,0.00016870938882243482,3.7818727121432643,16275,14410,False,False,False
carmax,orig_apr,825,0.06323599499530907,0.06333109962399217,9.510462868309033e-05,0.00016523871612780008,0.5755589907242673,16236,13657,False,False,False
carmax,orig_apr,830,0.06289898756503519,0.06310953023019249,0.00021054266515729836,0.0001635672842193333,1.2871930115008454,15546,13156,False,False,False
carmax,orig_apr,835,0.06251972475064523,0.06276080441245148,0.00024107966180625384,0.0001621188987502623,1.4870546473278692,15254,12296,True,False,False
carmax,orig_apr,840,0.06229189415066117,0.06200752739192667,-0.0002843667587345,0.0001625157505721166,-1.7497796843285776,14664,11422,False,False,False
carmax,orig_apr,845,0.06158326561326013,0.06160268088963255,1.94152763724198e-05,0.00016369165342664026,0.11860883536814486,14410,10234,False,False,False
carmax,orig_apr,850,0.061080008298381956,0.061119873161923806,3.9864863541849704e-05,0.00016932643232879887,0.23543201727914473,13657,8892,False,False,False
carmax,orig_apr,855,0.06068726509322685,0.06075889818473291,7.163309150606118e-05,0.00017660061596142768,0.4056219799465873,13156,7212,False,False,False
carmax,orig_apr,860,0.06043274923287728,0.060031840961586806,-0.0004009082712904746,0.00019131946602817695,-2.095491272338331,12296,5496,True,False,False
carmax,orig_apr,865,0.060055523895922856,0.05979586294073169,-0.0002596609551911641,0.00021443762904276167,-1.2108926793785073,11422,3892,False,False,False
carmax,orig_amount,655,22693.503653356478,22945.986797490445,252.48314413396656,183.53395118919804,1.375675413175688,2879,14202,False,False,False
carmax,orig_amount,660,23070.54001449481,22962.46652100564,-108.07349348916978,140.85036448985238,-0.7672929628588642,5550,14573,False,False,False
carmax,orig_amount,665,22889.888790049255,23019.34589585648,129.45710580722516,123.87507222573184,1.0450617988042132,8342,14606,False,False,False
carmax,orig_amount,670,22961.824205421082,22962.939911667356,1.1157062462734757,114.1510515562916,0.009773946284877495,11075,14845,False,False,False
carmax,orig_amount,675,23089.456264732253,22640.5087094293,-448.9475553029515,107.53393744024766,-4.174938312404062,14018,15046,True,False,False
carmax,orig_amount,680,22694.186872738148,22633.660064818618,-60.526807919530256,107.37675007833037,-0.5636863462097381,14202,15222,False,False,False
carmax,orig_amount,685,22570.149392950334,22705.610259247493,135.46086629715865,106.61989221956136,1.2705027502579473,14573,15403,False,False,False
carmax,orig_amount,690,22781.371882383457,22584.898488749306,-196.47339363415085,106.51989920020864,-1.8444759627951846,14606,15573,False,False,False
carmax,orig_amount,695,22649.327785851856,22646.30614347926,-3.021642372594215,106.26190639789993,-0.028435800514246486,14845,15719,False,False,False
carmax,orig_amount,700,22681.780599793947,22719.718580384862,37.937980590915686,106.08500187300473,0.3576187012404597,15046,15990,False,False,False
carmax,orig_amount,705,22703.893918533096,22659.74011525018,-44.15380328291576,106.84382080569706,-0.4132555626517001,15222,15942,False,False,False
carmax,orig_amount,710,22655.13269295556,22708.20861002482,53.07591706925814,107.6079773323279,0.4932340369649613,15403,16068,False,False,False
carmax,orig_amount,715,22570.18070915458,22859.196869882868,289.0161607282862,108.45191135821139,2.6649245468222302,15573,16205,True,False,False
carmax,orig_amount,720,22706.047538551167,22818.040564716983,111.99302616581554,109.52881359201551,1.0224983042633784,15719,16192,False,False,False
carmax,orig_amount,725,22852.07343069205,22851.00423940044,-1.0691912916081492,110.5222471947576,-0.009673991605726816,15990,15927,False,False,False
carmax,orig_amount,730,23029.714480233913,22659.040532438838,-370.67394779507595,110.65442408618625,-3.349833961508546,15942,16340,True,False,False
carmax,orig_amount,735,22705.329946068803,22767.983007724797,62.65306165599395,110.82266985074834,0.5653451747767191,16068,16356,False,False,False
carmax,orig_amount,740,22818.192573687695,22702.213036990663,-115.97953669703202,109.83740579577467,-1.055920210940503,16205,16955,False,False,False
carmax,orig_amount,745,22829.21299206309,22722.149071662447,-107.06392040064384,110.12095296894182,-0.9722393197127509,16192,16904,False,False,False
carmax,orig_amount,750,22555.543329002994,23363.774560456503,808.2312314535084,110.37264750535232,7.322749338003464,15927,17302,True,False,False
carmax,orig_amount,755,23208.08981764465,23122.631258265745,-85.45855937890519,110.6981810373525,-0.7719960579123627,16340,17014,False,False,False
carmax,orig_amount,760,23332.199147367995,23076.995610291742,-255.20353707625327,110.84251072288939,-2.302397657828882,16356,17205,True,False,False
carmax,orig_amount,765,23098.7650922643,23338.661247609412,239.89615534511177,111.19355892045022,2.157464494114606,16955,16855,False,False,False
carmax,orig_amount,770,23277.067596289176,23155.033247297564,-122.0343489916122,111.66626129123743,-1.0928488836331118,16904,16989,False,False,False
carmax,orig_amount,775,23417.55353802109,23189.886721881587,-227.66681613950277,111.95957816759604,-2.033473329085795,17302,16676,True,False,False
carmax,orig_amount,780,23123.246083470174,23533.738160367677,410.49207689750256,112.1864413673873,3.659016828541929,17014,16980,True,False,False
carmax,orig_amount,785,23498.16209812279,23621.619101762266,123.45700363947617,112.6212385912731,1.0962142237444965,17205,16692,False,False,False
carmax,orig_amount,790,23631.944330720653,23587.797124687804,-44.14720603284877,113.28791425941392,-0.3896903418290293,16855,16624,False,False,False
carmax,orig_amount,795,23716.22807090349,23687.426703868576,-28.80136703491371,113.85989822809081,-0.25295444210934676,16989,16275,False,False,False
carmax,orig_amount,800,23789.383557743604,23996.809171051886,207.42561330828175,114.91013293741567,1.8051115946515652,16676,16236,False,False,False
carmax,orig_amount,805,24180.68570697745,23876.228381474815,-304.45732550263347,116.40113584836553,-2.615587238764119,16980,15546,True,False,False
carmax,orig_amount,810,24044.43373058935,24280.024272446495,235.59054185714558,118.29021840266482,1.99163164155455,16692,15254,True,False,False
carmax,orig_amount,815,24459.08826246877,24132.534523580678,-326.5537388880912,120.35802220483276,-2.713186316175433,16624,14664,True,False,False
carmax,orig_amount,820,24470.27855846413,24216.899008475648,-253.37954998848363,121.84412129760805,-2.0795385718248665,16275,14410,True,False,False
carmax,orig_amount,825,24397.989522841835,24471.832509210744,73.8429863689089,123.69199766992917,0.5969908139567618,16236,13657,False,False,False
carmax,orig_amount,830,24491.18674000698,24624.67419634316,133.4874563361809,126.3017540164497,1.0568931316567094,15546,13156,False,False,False
carmax,orig_amount,835,24482.220706688073,24869.31367099042,387.09296430234826,129.4105762373052,2.9912003760227512,15254,12296,True,False,False
carmax,orig_amount,840,24814.60554284969,24872.66573766317,58.06019481347903,133.70974857617452,0.4342255926119112,14664,11422,False,False,False
carmax,orig_amount,845,24984.128041796917,24881.04634959221,-103.08169220470882,139.3047776006727,-0.739972411428702,14410,10234,False,False,False
carmax,orig_amount,850,24803.40452661455,25148.465594777634,345.0610681630824,147.6799624781606,2.3365462881540964,13657,8892,True,False,False
carmax,orig_amount,855,25122.9868245518,24871.321865429814,-251.6649591219866,157.81627750773967,-1.5946704807407739,13156,7212,False,False,False
carmax,orig_amount,860,25004.00913799851,24607.77799660839,-396.23114139011886,174.71165807065964,-2.267914721694581,12296,5496,True,False,False
carmax,orig_amount,865,24623.63277799758,25065.948556728814,442.3157787312339,202.69265328948336,2.182199362201468,11422,3892,True,False,False
exeter,orig_apr,485,0.2390473604684652,0.23921431210189398,0.00016695163342878017,0.001387937960518282,0.12028753314480807,1788,4239,False,False,False
exeter,orig_apr,490,0.2391569381062403,0.23848790023343014,-0.0006690378728101687,0.0012724001611860907,-0.5258077554678341,2115,4959,False,False,False
exeter,orig_apr,495,0.23673924849343775,0.23775585350468056,0.001016605011242816,0.0011539495829246164,0.8809787067700924,2653,5586,False,False,False
exeter,orig_apr,500,0.23561780962044818,0.23894466767823033,0.003326858057782156,0.0010645117193216662,3.1252432428852113,3170,6321,True,False,False
exeter,orig_apr,505,0.23989506437563407,0.23604923046467452,-0.0038458339109595507,0.0009985690298706309,-3.851345070713635,3603,7308,True,False,False
exeter,orig_apr,510,0.23616131337534188,0.23762012537649038,0.0014588120011485017,0.0009306359379433582,1.567543162337333,4239,8344,True,False,False
exeter,orig_apr,515,0.23696834195964003,0.23834459448332904,0.0013762525236890033,0.000863821815132829,1.5932134377474343,4959,9675,False,False,False
exeter,orig_apr,520,0.23742893443156857,0.23798978824826994,0.0005608538167013732,0.0008113553986897588,0.6912554197668304,5586,10999,False,False,False
exeter,orig_apr,525,0.23836001790456457,0.2372964873162694,-0.0010635305882951696,0.00076382403107282,-1.3923764440893542,6321,12326,False,False,False
exeter,orig_apr,530,0.23682265708716457,0.23887037330599484,0.0020477162188302644,0.0007127676248227772,2.872908571484864,7308,13996,True,False,False
exeter,orig_apr,535,0.23667164468415425,0.23903764667091057,0.002366001986756322,0.0006656747274921211,3.554291441512365,8344,15649,False,False,False
exeter,orig_apr,540,0.23798708936341342,0.2382002464610756,0.0002131570976621755,0.0006240777707177709,0.34155534400306714,9675,16942,False,False,False
exeter,orig_apr,545,0.23744619175071932,0.23435392188511067,-0.003092269865608649,0.0005877250979239823,-5.2614221794023335,10999,18376,True,False,False
exeter,orig_apr,550,0.2349501125495632,0.2304111319181214,-0.004538980631441786,0.0005544775304818876,-8.186049716923659,12326,20336,True,False,False
exeter,orig_apr,555,0.22860367620960442,0.22998040177353962,0.0013767255639351994,0.000526716342346573,2.6137893458967913,13996,21146,False,False,False
exeter,orig_apr,560,0.22713394505797338,0.22871976224086538,0.0015858171828919965,0.0005033278819487231,3.1506642881618725,15649,22052,False,False,False
exeter,orig_apr,565,0.2266952728064647,0.22696525304364626,0.00026998023718155517,0.00048820680226605495,0.5530038416679531,16942,22595,False,False,False
exeter,orig_apr,570,0.22582181165765555,0.22583080292382882,8.991266173263845e-06,0.000474428082144712,0.01895180009711418,18376,22944,False,False,False
exeter,orig_apr,575,0.22511061808681734,0.22394440270107596,-0.0011662153857413815,0.0004628135095568564,-2.519838685906191,20336,22672,True,False,False
exeter,orig_apr,580,0.22345556302953495,0.2227346840977526,-0.0007208789317823538,0.00045788704645041597,-1.5743597408371257,21146,22788,False,False,False
exeter,orig_apr,585,0.22206013429910085,0.2216658593589711,-0.00039427494012975184,0.00045607871449869036,-0.8644887989634167,22052,22158,False,False,False
exeter,orig_apr,590,0.22087950796093234,0.22007791271971022,-0.0008015952412221139,0.0004543419984561575,-1.7642992370195008,22595,21928,False,False,False
exeter,orig_apr,595,0.21848665407521223,0.21951853104824495,0.0010318769730327249,0.00045505173605432376,2.2676036399288457,22944,21452,True,False,False
exeter,orig_apr,600,0.21693434360268352,0.2202152029853902,0.0032808593827066967,0.0004548283325602017,7.213401514015043,22672,21714,True,False,False
exeter,orig_apr,605,0.21835808217526767,0.21740005450054886,-0.0009580276747188088,0.00045315334378527637,-2.1141357287937472,22788,21895,False,False,False
exeter,orig_apr,610,0.21527000136694896,0.21672882584456848,0.0014588244776195247,0.000455870415452908,3.2000858756543353,22158,21898,False,False,False
exeter,orig_apr,615,0.2132812693223007,0.21192597379175002,-0.001355295530550693,0.0004587622892228194,-2.954243542656206,21928,21498,False,False,False
exeter,orig_apr,620,0.2121889995389185,0.20098121701639945,-0.011207782522519055,0.00047108847243962907,-23.791247670479468,21452,19546,True,True,False
exeter,orig_apr,625,0.20048870593662227,0.19922248493312508,-0.0012662210034971866,0.000489356459574386,-2.5875228143477917,21714,16706,False,False,False
exeter,orig_apr,630,0.19587239618612873,0.1965104377963892,0.0006380416102604591,0.0005151148911174468,1.2386394205695461,21895,13815,False,False,False
exeter,orig_apr,635,0.19397913375926334,0.19489891227593123,0.0009197785166678851,0.0005476891520797905,1.6793805631810041,21898,11262,False,False,False
exeter,orig_apr,640,0.19310044838125073,0.19866576039120992,0.005565312009959189,0.000597289240957565,9.317616371319474,21498,8761,True,True,True
exeter,orig_apr,645,0.19596469443431533,0.19730193627954135,0.001337241845226017,0.0006270643442415394,2.13254326690105,19546,7870,False,False,False
exeter,orig_apr,650,0.19753104955944956,0.1991191817197976,0.0015881321603480325,0.0006732461289328246,2.358917626255663,16706,6945,False,False,False
exeter,orig_apr,655,0.2001451404103913,0.19890347547609113,-0.0012416649343001684,0.0007282451763464713,-1.7050094866806667,13815,6084,False,False,False
exeter,orig_apr,660,0.19971568187390754,0.20106713760210987,0.0013514557282023332,0.0007868128587411084,1.7176329964467623,11262,5404,True,False,False
exeter,orig_apr,665,0.2001085555253906,0.20007576979780148,-3.278572758913523e-05,0.00085234623956784,-0.038465269238189374,8761,4842,False,False,False
exeter,orig_apr,670,0.200330833555931,0.19776414448636162,-0.002566689069569389,0.0009054332485469069,-2.834763439147573,7870,4362,True,False,False
exeter,orig_apr,675,0.19706160505336073,0.197987255389819,0.000925650336458278,0.0009581581190688689,0.9660726325189607,6945,3975,False,False,False
exeter,orig_apr,680,0.19678946073624393,0.19491347031149622,-0.0018759904247477033,0.001016305446650906,-1.845892325904353,6084,3549,False,False,False
exeter,orig_apr,685,0.19561330688288137,0.19141466958172315,-0.0041986373011582145,0.001088346360688232,-3.8578135167403365,5404,3089,True,False,False
exeter,orig_apr,690,0.19067428201496397,0.19467346169566457,0.003999179680700599,0.0011565265831167651,3.457922834703086,4842,2715,True,False,False
exeter,orig_apr,695,0.19485401532930713,0.19269194348551089,-0.0021620718437962427,0.0012444927160595817,-1.7373117704071246,4362,2316,False,False,False
exeter,orig_apr,700,0.19335718424290932,0.1992444615928109,0.005887277349901576,0.0013570244168918688,4.338372454186055,3975,1903,True,True,False
exeter,orig_apr,705,0.1981935232692053,0.2015744001452485,0.0033808768760431873,0.001451369780639447,2.3294386593564287,3549,1641,False,False,False
exeter,orig_apr,710,0.2017117386458709,0.20468424186626777,0.002972503220396855,0.0015507464027968414,1.9168209676551953,3089,1429,False,False,False
exeter,orig_amount,485,20604.084568132424,20575.643610430416,-28.440957702008745,202.9065204263348,-0.1401677858466566,1788,4239,False,False,False
exeter,orig_amount,490,20319.56649328548,21149.31532119443,829.7488279089484,184.80392220259978,4.489887541452168,2115,4959,True,False,False
exeter,orig_amount,495,21043.464371607875,21241.072514060525,197.6081424526492,173.27751906739852,1.1404141951950904,2653,5586,False,False,False
exeter,orig_amount,500,21458.91835542855,20996.009761667356,-462.9085937611926,161.87482612594377,-2.8596700601305045,3170,6321,True,False,False
exeter,orig_amount,505,21318.266342300878,20820.24402901268,-498.02231328819835,151.69851362110316,-3.28297424543069,3603,7308,False,False,False
exeter,orig_amount,510,20997.996540670487,20724.21381835504,-273.7827223154454,140.84338794569044,-1.9438805492311555,4239,8344,False,False,False
exeter,orig_amount,515,20767.09704138317,20806.84823128234,39.75118989916882,130.20873729833536,0.3052881912838964,4959,9675,False,False,False
exeter,orig_amount,520,20975.604125068407,21093.412928072787,117.80880300438002,122.52373144100906,0.9615182431911232,5586,10999,False,False,False
exeter,orig_amount,525,21096.711022336738,21401.272044969166,304.5610226324279,115.34275523375113,2.640486799671216,6321,12326,False,False,False
exeter,orig_amount,530,21447.4930305098,21546.091888760504,98.59885825070523,107.91145778230424,0.9137014759787063,7308,13996,False,False,False
exeter,orig_amount,535,21805.773723892617,21459.774344964197,-345.9993789284199,101.64647861374797,-3.4039485051243332,8344,15649,True,False,False
exeter,orig_amount,540,21681.04988522502,21574.250306570506,-106.79957865451433,96.46241788015212,-1.1071625717199565,9675,16942,False,False,False
exeter,orig_amount,545,21738.92040882516,21931.933126137825,193.01271731266388,91.56016866700833,2.108042395756439,10999,18376,False,False,False
exeter,orig_amount,550,21910.608841441503,22316.45755335977,405.84871191826824,87.11995535790388,4.658504590033034,12326,20336,True,False,False
exeter,orig_amount,555,22581.968694787407,22336.34385362782,-245.62484115958796,84.0660477691605,-2.9218078841300668,13996,21146,True,False,False
exeter,orig_amount,560,22700.40191452668,22509.43767494921,-190.9642395774681,81.31521943598,-2.3484440047267596,15649,22052,False,False,False
exeter,orig_amount,565,22674.481241830053,22846.72079529776,172.23955346770526,79.80780167150219,2.1581793992605194,16942,22595,True,False,False
exeter,orig_amount,570,22830.186771343586,23070.536772341035,240.35000099744866,78.297986777944,3.069683026194405,18376,22944,True,False,False
exeter,orig_amount,575,23056.310499453186,23328.93346138906,272.6229619358746,77.1681187995521,3.5328444722622545,20336,22672,True,False,False
exeter,orig_amount,580,23416.2472306195,23473.732018852646,57.48478823314508,76.94618797109331,0.747077792271407,21146,22788,False,False,False
exeter,orig_amount,585,23601.571504810847,23478.24488011962,-123.32662469122806,77.3527283216543,-1.5943409801707502,22052,22158,True,False,False
exeter,orig_amount,590,23723.14988206163,23543.600302476134,-179.54957958549494,77.8219645961672,-2.307183846067257,22595,21928,False,False,False
exeter,orig_amount,595,23759.222853500232,23655.36095828252,-103.86189521771303,78.60247006747525,-1.3213566333036881,22944,21452,False,False,False
exeter,orig_amount,600,23735.51759444599,23530.787189511117,-204.73040493487497,79.34334904574366,-2.580309596168447,22672,21714,False,False,False
exeter,orig_amount,605,23704.114312544178,23669.48459376204,-34.62971878213648,80.16674174372872,-0.4319711395136686,22788,21895,False,False,False
exeter,orig_amount,610,23939.082707128404,23694.716726018276,-244.3659811101279,81.98067265428311,-2.980775507181215,22158,21898,False,False,False
exeter,orig_amount,615,24031.08242632703,24181.65717285866,150.5747465316308,84.13560866930686,1.7896672872892796,21928,21498,False,False,False
exeter,orig_amount,620,24099.68988674444,25356.92027569577,1257.2303889513314,88.49305775413337,14.20710755011297,21452,19546,True,True,False
exeter,orig_amount,625,25298.97501397965,25529.85011415541,230.87510017576278,94.28915868661359,2.448585854319862,21714,16706,False,False,False
exeter,orig_amount,630,25872.67011500414,25712.848809066483,-159.8213059376576,100.84676495739075,-1.584793582671536,21895,13815,False,False,False
exeter,orig_amount,635,26065.976081290355,25672.080839078524,-393.8952422118309,108.44721852752407,-3.632137804547377,21898,11262,False,False,False
exeter,orig_amount,640,25952.1058587886,25296.255381303225,-655.8504774853754,117.36421175119717,-5.588164123452953,21498,8761,True,False,True
exeter,orig_amount,645,25635.167387172987,25302.523173800666,-332.64421337232125,122.79929662940192,-2.708844614771808,19546,7870,True,False,False
exeter,orig_amount,650,25268.901818208855,25482.97010924489,214.06829103603377,131.1388597151553,1.632378773927181,16706,6945,False,False,False
exeter,orig_amount,655,25306.091653704832,25437.47665736415,131.3850036593176,141.97218493903412,0.9254277780942591,13815,6084,False,False,False
exeter,orig_amount,660,25523.40551965397,25017.66102532225,-505.7444943317205,151.42265651985815,-3.339952593325393,11262,5404,True,False,False
exeter,orig_amount,665,25264.583022310904,24991.567118217143,-273.0159040937615,164.15037879178462,-1.6632060559547448,8761,4842,False,False,False
exeter,orig_amount,670,25082.41718249058,25037.50898354529,-44.90819894528977,175.29732575093237,-0.256183023630929,7870,4362,False,False,False
exeter,orig_amount,675,24882.12438362889,25209.87890603156,327.7545224026726,186.05406898216694,1.761608999984233,6945,3975,False,False,False
exeter,orig_amount,680,25106.32095142945,25217.282244370213,110.96129294076309,198.83900967935998,0.5580458941114972,6084,3549,False,False,False
exeter,orig_amount,685,25347.21995273105,25073.452176924045,-273.7677758070058,213.92160876354143,-1.2797574653134525,5404,3089,False,False,False
exeter,orig_amount,690,25406.410793506842,24822.499105815095,-583.9116876917469,226.07886795786587,-2.5827787133141964,4842,2715,False,False,False
exeter,orig_amount,695,24813.555104769584,25414.504661379193,600.9495566096084,243.53218645115902,2.4676391460482794,4362,2316,True,False,False
exeter,orig_amount,700,24810.92533401802,25184.389595122335,373.4642611043164,263.2548676564993,1.4186414269521532,3975,1903,False,False,False
exeter,orig_amount,705,24657.16241291036,24519.67777341814,-137.48463949221696,279.0617653688902,-0.49266741830603983,3549,1641,False,False,False
exeter,orig_amount,710,24410.611988080887,23272.989579666115,-1137.6224084147725,297.09376584229733,-3.829169572742374,3089,1429,True,True,False
honda,orig_apr,595,0.0744180597728842,0.07726535140377694,0.0028472916308927426,0.0016214353217058148,1.7560315806474955,877,902,False,False,False
honda,orig_apr,600,0.07595517815510439,0.07307048173064047,-0.0028846964244639145,0.0014844351582210898,-1.9432956761283282,954,980,False,False,False
honda,orig_apr,605,0.07530230759676101,0.06407020820773404,-0.011232099389026973,0.001405848577727263,-7.989551340717733,904,1168,True,True,False
honda,orig_apr,610,0.06298742461879775,0.06501810960977812,0.002030684990980372,0.0013358433172432546,1.5201520752980553,858,1417,False,False,False
honda,orig_apr,615,0.060467609747021915,0.06555956706597457,0.005091957318952657,0.0011874634076945354,4.288096193918692,870,1614,True,True,False
honda,orig_apr,620,0.06187094885435416,0.06382113467278913,0.0019501858184349727,0.0010656277691364748,1.8300816428754427,902,1906,False,False,False
honda,orig_apr,625,0.06314653014672282,0.063986671254549,0.0008401411078261811,0.0009939424558803342,0.8452613155376975,980,2105,True,False,False
honda,orig_apr,630,0.06380430307642133,0.06257045289247318,-0.001233850183948157,0.0009058971605850039,-1.3620201471338864,1168,2375,False,False,False
honda,orig_apr,635,0.06363014572745948,0.06267503398966551,-0.0009551117377939733,0.0008288415924447667,-1.152345329312876,1417,2615,False,False,False
honda,orig_apr,640,0.061829267774624545,0.06565981850413445,0.003830550729509906,0.000766092382202091,5.000115937061267,1614,3055,True,False,False
honda,orig_apr,645,0.06380528045376953,0.06555296124867517,0.0017476807949056428,0.0006959904097971516,2.5110702249690617,1906,3546,False,False,False
honda,orig_apr,650,0.06397885932228355,0.06362580857831342,-0.00035305074397012914,0.000646779553305448,-0.5458594696845611,2105,4190,False,False,False
honda,orig_apr,655,0.06326427413492518,0.05851146855581,-0.004752805579115178,0.0006067297790021038,-7.833479983349719,2375,4788,True,False,False
honda,orig_apr,660,0.05987412295080712,0.054420233954985214,-0.005453888995821908,0.0005606863138249809,-9.727166262746247,2615,5504,True,True,False
honda,orig_apr,665,0.05299676202502957,0.05483484242615531,0.0018380804011257357,0.0005051449493892772,3.638718754583183,3055,6040,False,False,False
honda,orig_apr,670,0.05274829758608236,0.05474789546040451,0.001999597874322148,0.00046272611958852035,4.321342128039568,3546,6714,False,False,False
honda,orig_apr,675,0.05403586443873267,0.05378481352823329,-0.00025105091049937994,0.00041812691371729687,-0.6004179646496518,4190,7418,False,False,False
honda,orig_apr,680,0.053734900741738076,0.05447444618680131,0.0007395454450632374,0.00038591738687515176,1.9163309822640564,4788,8110,True,False,False
honda,orig_apr,685,0.05441818158869764,0.05357044080412495,-0.0008477407845726911,0.00035621788578995374,-2.3798377857774584,5504,8669,False,False,False
honda,orig_apr,690,0.053606726959868345,0.053871747935223424,0.0002650209753550792,0.00033793745937085474,0.7842308332686003,6040,9297,True,False,False
honda,orig_apr,695,0.05353022879259051,0.05434374425500813,0.0008135154624176189,0.0003165086367613664,2.570278873719878,6714,9870,False,False,False
honda,orig_apr,700,0.05324406997183367,0.055539814056658005,0.0022957440848243374,0.00029885454292155725,7.681810898310219,7418,10357,True,False,False
honda,orig_apr,705,0.05441428603492383,0.05529423406265019,0.0008799480277263613,0.00028382386490820224,3.100331355190885,8110,10571,True,False,False
honda,orig_apr,710,0.05543268564584374,0.05346087740759537,-0.001971808238248371,0.00027177692534524026,-7.25524521901029,8669,11041,True,False,False
honda,orig_apr,715,0.053619748477847694,0.05259855320011331,-0.0010211952777343866,0.00026096922973020264,-3.913086913695255,9297,11155,False,False,False
honda,orig_apr,720,0.05225572924305586,0.05148171060929182,-0.0007740186337640426,0.00025340920858185726,-3.054421889779179,9870,11045,True,False,False
honda,orig_apr,725,0.05081501150346405,0.05092219939691225,0.00010718789344819901,0.0002485572893059293,0.4312401931462569,10357,10938,False,False,False
honda,orig_apr,730,0.05014767909546049,0.05014085942921622,-6.819666244266276e-06,0.00024247745632667195,-0.028124949624507126,10571,11492,False,False,False
honda,orig_apr,735,0.0498587941573268,0.04919669586821409,-0.0006620982891127128,0.00023701928261462662,-2.793436389684922,11041,11576,False,False,False
honda,orig_apr,740,0.04917838052178912,0.0491305618469463,-4.78186748428186e-05,0.00023104711147264748,-0.20696504075741112,11155,12337,False,False,False
honda,orig_apr,745,0.04860781376916022,0.049446025839867104,0.0008382120707068827,0.00022893583149637795,3.661340670126355,11045,12517,True,False,False
honda,orig_apr,750,0.04882010267761846,0.049504638314553026,0.0006845356369345676,0.00022419292091974396,3.053332969329643,10938,13349,True,False,False
honda,orig_apr,755,0.0491540271760666,0.04897738823426056,-0.00017663894180604267,0.00021993899429876627,-0.8031269869593721,11492,13266,False,False,False
honda,orig_apr,760,0.04877048838330713,0.048663974636849405,-0.00010651374645772455,0.00021620234358250343,-0.49265768674278315,11576,13727,False,False,False
honda,orig_apr,765,0.04796177557953035,0.04862001816918571,0.0006582425896553556,0.00021154156135536946,3.111646644933151,12337,13738,False,False,False
honda,orig_apr,770,0.04789269091617829,0.04727109886090286,-0.0006215920552754273,0.00020890483244843662,-2.975479542479483,12517,14040,True,False,False
honda,orig_apr,775,0.046934722766143334,0.04665392879114544,-0.0002807939749978963,0.00020440204818457833,-1.373733666036139,13349,14009,False,False,False
honda,orig_apr,780,0.04603566748074425,0.04591874096960981,-0.00011692651113444363,0.00020284405585617305,-0.5764354821289444,13266,14106,False,False,False
honda,orig_apr,785,0.04527626813163605,0.04556730684811997,0.0002910387164839212,0.00020082452362710394,1.4492190058636925,13727,13667,False,False,False
honda,orig_apr,790,0.04438627748849292,0.04561318669998794,0.0012269092114950211,0.00019954134517780061,6.148646589516513,13738,13402,True,False,False
honda,orig_apr,795,0.04462635096867993,0.04396871876976309,-0.0006576321989168396,0.00019710318443478698,-3.3364869309578404,14040,13124,True,False,False
honda,orig_apr,800,0.04391667900638156,0.042456783898472426,-0.0014598951079091357,0.0001956474662078238,-7.4618656515509505,14009,12664,True,False,False
honda,orig_apr,805,0.04222442631055871,0.04180083491371477,-0.0004235913968439406,0.0001927697507221136,-2.197395572994058,14106,12658,False,False,False
honda,orig_apr,810,0.04125559726106209,0.04138610363986639,0.00013050637880430288,0.00019114021971881158,0.6827782190283772,13667,12866,False,False,False
honda,orig_apr,815,0.04125970308642088,0.04127596518058226,1.6262094161383078e-05,0.00018966044222373392,0.08574320491248995,13402,13022,False,False,False
honda,orig_apr,820,0.041130915953595804,0.041653608604134224,0.00052269265053842,0.00018814561652428399,2.7781282402131113,13124,13262,False,False,False
honda,orig_apr,825,0.04147102373447835,0.042330937954591634,0.0008599142201132851,0.0001892354489145264,4.544149761822321,12664,13185,True,False,False
honda,orig_apr,830,0.04211588694901763,0.04311882458335261,0.0010029376343349827,0.00018834739324051256,5.324935041995877,12658,13057,False,False,False
honda,orig_apr,835,0.04276838342789018,0.04305487527458945,0.0002864918466992661,0.00018714052456776924,1.5308915445276456,12866,12629,False,False,False
honda,orig_apr,840,0.04297869972269793,0.04226610383390119,-0.000712595888796741,0.00018630118566659876,-3.824967008379591,13022,11926,False,False,False
honda,orig_apr,845,0.04225198949318998,0.041137973782234424,-0.0011140157109555543,0.00018513370966894408,-6.017357470703937,13262,11135,True,False,False
honda,orig_apr,850,0.041089476492022554,0.04026165516640384,-0.000827821325618712,0.00018472814715714066,-4.481295018427908,13185,10280,True,False,False
honda,orig_apr,855,0.03956155262324861,0.04032037294758688,0.0007588203243382649,0.00018942591656748132,4.005894959298993,13057,8791,False,False,False
honda,orig_apr,860,0.03938802155973539,0.040088745845529274,0.0007007242857938814,0.00019805022763130382,3.5381140136752105,12629,7196,True,False,False
honda,orig_apr,865,0.039485853179061364,0.03949187550292867,6.022323867302393e-06,0.00021454173207904173,0.02807064065784479,11926,5499,False,False,False
honda,orig_apr,870,0.03906561876779919,0.039684660280762216,0.000619041512963027,0.00024208340826292247,2.5571414307365377,11135,3910,True,False,False
honda,orig_apr,875,0.03920473869939755,0.038712877809707204,-0.0004918608896903459,0.000293270967834314,-1.677155066942143,10280,2322,False,False,False
honda,orig_amount,595,32434.783732340307,32094.418149160974,-340.36558317933304,520.3424745010635,-0.6541183929020912,877,902,False,False,False
honda,orig_amount,600,32792.2613302732,31582.09687352243,-1210.1644567507683,498.1420568161993,-2.4293561248077586,954,980,True,False,False
honda,orig_amount,605,32158.47802562698,32857.54773278037,699.0697071533868,485.40662176856114,1.4401734047350903,904,1168,True,False,False
honda,orig_amount,610,33043.740078748204,33051.078522151234,7.338443403030396,480.3692032049079,0.015276673346397034,858,1417,False,False,False
honda,orig_amount,615,33191.66100999809,33563.196956401276,371.53594640318624,466.5217387240564,0.7963957851553549,870,1614,False,False,False
honda,orig_amount,620,32844.446803831546,34221.35802904329,1376.911225211741,449.88935790652505,3.0605552254423993,902,1906,True,False,False
honda,orig_amount,625,34616.53928525162,32940.68604194912,-1675.853243302503,436.16191305212465,-3.842273231918409,980,2105,True,True,False
honda,orig_amount,630,33473.74996373898,32365.140194018586,-1108.6097697203913,402.2097786536779,-2.7562974063715093,1168,2375,False,False,False
honda,orig_amount,635,32208.505147106778,32452.062881171452,243.55773406467415,372.26968034138946,0.6542507943201816,1417,2615,False,False,False
honda,orig_amount,640,31903.978507401716,32254.920522839544,350.94201543782765,345.58451086589554,1.015502733494937,1614,3055,False,False,False
honda,orig_amount,645,31723.926625605713,32249.68198783808,525.7553622323685,321.7601963171424,1.6339975181832578,1906,3546,False,False,False
honda,orig_amount,650,32321.5073829439,31046.985686034557,-1274.5216969093417,305.62814149647534,-4.1701712763385705,2105,4190,True,False,False
honda,orig_amount,655,31085.188235107158,31112.577365683203,27.38913057604441,286.3606914693664,0.0956455665598027,2375,4788,False,False,False
honda,orig_amount,660,30408.434590053246,31554.052377667704,1145.6177876144575,272.82103299649236,4.199154936962601,2615,5504,True,False,False
honda,orig_amount,665,31176.547690245625,31365.687374051962,189.13968380633742,256.2772131939937,0.7380277062056418,3055,6040,False,False,False
honda,orig_amount,670,31326.89066739825,31359.350497691517,32.45983029326817,238.4449589579992,0.13613133376825046,3546,6714,False,False,False
honda,orig_amount,675,31545.45162748912,30903.925507100725,-641.5261203883965,219.04638880031007,-2.92872265049406,4190,7418,True,False,False
honda,orig_amount,680,30989.11142954941,30696.694171318773,-292.41725823063825,204.71031499161458,-1.4284441809520754,4788,8110,False,False,False
honda,orig_amount,685,30964.051708025818,30025.52713852689,-938.524569498928,192.9018441629388,-4.86529599326268,5504,8669,True,False,False
honda,orig_amount,690,30929.521368714763,29835.644423523896,-1093.8769451908665,184.4175754414428,-5.931522212958492,6040,9297,True,False,False
honda,orig_amount,695,30251.489645175687,30906.329452023587,654.8398068479,174.89796924712692,3.744124701200081,6714,9870,False,False,False
honda,orig_amount,700,30384.436684805663,32753.241895836632,2368.805211030969,167.3736608910166,14.152795597709897,7418,10357,True,True,False
honda,orig_amount,705,32627.019956040633,32697.951764302754,70.9318082621212,161.0133489394283,0.44053371182786255,8110,10571,False,False,False
honda,orig_amount,710,33254.83274233673,32737.025559723726,-517.8071826130035,155.5174557066915,-3.329575964704544,8669,11041,True,False,False
honda,orig_amount,715,33003.17742323756,32517.988039495573,-485.1893837419884,151.50130630051788,-3.202542575966752,9297,11155,False,False,False
honda,orig_amount,720,32452.517672597685,32007.679953461964,-444.8377191357213,149.71646622780852,-2.9712010331505976,9870,11045,False,False,False
honda,orig_amount,725,31983.779967691542,31341.821553173726,-641.958414517816,148.46438928611155,-4.323989190974764,10357,10938,True,False,False
honda,orig_amount,730,31416.537428701555,31251.47883528851,-165.05859341304313,146.51169801208695,-1.1265898604180131,10571,11492,False,False,False
honda,orig_amount,735,31190.80069308375,31165.554669030236,-25.246024053514702,145.57243848451904,-0.1734258511867925,11041,11576,False,False,False
honda,orig_amount,740,31178.298466068634,31237.014985522695,58.7165194540612,143.60971332758746,0.408861755194255,11155,12337,False,False,False
honda,orig_amount,745,31431.93334922483,31189.961318220172,-241.97203100465777,144.16840793322618,-1.6783984402236782,11045,12517,False,False,False
honda,orig_amount,750,31206.586989472202,31537.426683637295,330.83969416509353,143.2003821444011,2.31032689445954,10938,13349,True,False,False
honda,orig_amount,755,31461.784688908923,31521.034179303573,59.24949039464991,142.153968246994,0.4167980051862028,11492,13266,False,False,False
honda,orig_amount,760,31583.725797188425,31351.36230243638,-232.36349475204406,141.31761922526684,-1.6442641478529714,11576,13727,False,False,False
honda,orig_amount,765,31263.859127716038,31723.296023529936,459.43689581389845,139.49939510359047,3.293468731335548,12337,13738,True,False,False
honda,orig_amount,770,31734.31596063142,31335.285437115886,-399.03052351553197,138.72160978218298,-2.876484234446812,12517,14040,True,False,False
honda,orig_amount,775,31630.058950345738,31055.064773632275,-574.9941767134624,136.70994898797682,-4.205942442155627,13349,14009,True,False,False
honda,orig_amount,780,31254.585736768317,31127.970327414845,-126.61540935347148,137.1328597471401,-0.9233046666345194,13266,14106,False,False,False
honda,orig_amount,785,30784.26399142512,31624.537897274633,840.2739058495135,137.74195752492213,6.100348223216444,13727,13667,True,False,False
honda,orig_amount,790,31274.54506542445,31358.02143557616,83.47637015171131,139.36195757410118,0.5989896497207674,13738,13402,False,False,False
honda,orig_amount,795,31292.50971170392,31167.73712589624,-124.77258580767739,140.17065775598138,-0.8901476800150998,14040,13124,False,False,False
honda,orig_amount,800,31380.757125412754,30468.028199715893,-912.7289256968616,142.4089178125905,-6.409211864793529,14009,12664,True,False,False
honda,orig_amount,805,30507.158408196694,30585.408367198652,78.2499590019579,142.70418311023508,0.5483368272499198,14106,12658,False,False,False
honda,orig_amount,810,30112.661066949815,30750.86680048254,638.2057335327263,143.30172844412618,4.453580151906994,13667,12866,True,False,False
honda,orig_amount,815,30549.483270017747,30380.41801362073,-169.06525639701795,143.55542829693627,-1.1777001984718825,13402,13022,False,False,False
honda,orig_amount,820,30802.22866559618,30252.155131868476,-550.0735337277038,143.62271708784533,-3.8299897459206056,13124,13262,False,False,False
honda,orig_amount,825,30478.296390765932,30673.72946156681,195.43307080087834,144.91413710099414,1.3486128731848732,12664,13185,False,False,False
honda,orig_amount,830,30573.031525739414,31055.937324917988,482.90579917857394,145.08420246679862,3.3284519676708646,12658,13057,True,False,False
honda,orig_amount,835,30995.65136002785,31052.477337503216,56.825977475367836,145.71581930966204,0.38997809396800237,12866,12629,False,False,False
honda,orig_amount,840,31095.778218327952,31195.024187991774,99.2459696638216,147.37647227402798,0.673418003107621,13022,11926,False,False,False
honda,orig_amount,845,31262.223662523367,30836.93610038581,-425.28756213755696,149.22707025908667,-2.849935748247128,13262,11135,True,False,False
honda,orig_amount,850,30927.91338614204,30521.311589415724,-406.60179672631784,152.80316608937653,-2.660951386887437,13185,10280,True,False,False
honda,orig_amount,855,30482.190576746878,30304.80279515468,-177.38778159219873,159.91342880108252,-1.1092738297347917,13057,8791,False,False,False
honda,orig_amount,860,30129.496092036956,30183.205020477024,53.70892844006812,170.50384974455048,0.31500126548775903,12629,7196,False,False,False
honda,orig_amount,865,30109.276647018178,29555.696954632294,-553.5796923858834,186.7033924428432,-2.965022140962728,11926,5499,True,False,False
honda,orig_amount,870,29243.0770106779,30332.031537981133,1088.9545273032345,213.45849492248874,5.10148133340234,11135,3910,True,False,False
honda,orig_amount,875,29548.971149233996,29628.491084812504,79.51993557850801,263.03246158923173,0.3023198547359961,10280,2322,False,False,False
santander,orig_apr,480,0.20517203057344438,0.20218601218422338,-0.0029860183892209957,0.001448847910242802,-2.0609605522505055,2159,4982,False,False,False
santander,orig_apr,485,0.20456710548538187,0.19732591537431954,-0.0072411901110623345,0.001329466741269162,-5.446687672795489,2516,5840,True,True,False
santander,orig_apr,490,0.20051211692603793,0.19770564131242593,-0.0028064756136119973,0.0012238501598154396,-2.293152957577113,2972,6779,False,False,False
santander,orig_apr,495,0.19780141143611962,0.2038344779251895,0.0060330664890698715,0.0011215690988445224,5.3791304479459505,3519,8057,True,True,False
santander,orig_apr,500,0.19931660954554284,0.21129133989362053,0.011974730348077695,0.0010296433920796966,11.629978340259017,4295,8871,True,True,False
santander,orig_apr,505,0.21149216446607375,0.2088088383700341,-0.0026833260960396343,0.0009530202295017859,-2.815602453100505,4982,9819,False,False,False
santander,orig_apr,510,0.21258175554214104,0.20923192751829173,-0.0033498280238493106,0.0008824172248226108,-3.7961951893252253,5840,10768,True,False,False
santander,orig_apr,515,0.21054090244667928,0.2083574559748265,-0.0021834464718527846,0.0008165787494985722,-2.6738957794254996,6779,12213,False,False,False
santander,orig_apr,520,0.2074039326959168,0.20722685175535158,-0.00017708094056523294,0.0007613277044693722,-0.23259489905027725,8057,13023,False,False,False
santander,orig_apr,525,0.20726642667583112,0.20354842788537345,-0.0037179987904576717,0.0007247292225434884,-5.130190248723643,8871,14232,True,False,False
santander,orig_apr,530,0.2029175385114477,0.20246313384944392,-0.0004544046620037767,0.0006940388984145287,-0.6547250637418516,9819,15373,False,False,False
santander,orig_apr,535,0.20095412956636807,0.20220787109659424,0.0012537415302261712,0.0006614969419398223,1.8953096389978876,10768,17281,False,False,False
santander,orig_apr,540,0.19951635930977565,0.20190668840222625,0.0023903290924505993,0.0006314315969422144,3.7855709217373086,12213,18040,True,False,False
santander,orig_apr,545,0.19973148005701288,0.19955205894101236,-0.00017942111600052768,0.0006122467231390544,-0.2930536158374461,13023,19217,False,False,False
santander,orig_apr,550,0.1997243221263485,0.19589942337135052,-0.003824898754997974,0.00058974129770674,-6.485723095654694,14232,20307,True,False,False
santander,orig_apr,555,0.1948056655166384,0.19547257854532651,0.0006669130286881264,0.00056729808238132,1.1755954222313911,15373,22299,False,False,False
santander,orig_apr,560,0.19312898182748545,0.19466465495556487,0.0015356731280794234,0.0005486860073418159,2.7988195571438044,17281,22887,True,False,False
santander,orig_apr,565,0.19351232931206883,0.19330924887841028,-0.0002030804336585479,0.0005396386679333218,-0.3763266899243786,18040,23734,False,False,False
santander,orig_apr,570,0.19286451020535844,0.19403649924056224,0.0011719890352037965,0.000525454011338649,2.230431226927038,19217,24868,False,False,False
santander,orig_apr,575,0.19285246969009057,0.19374481682742103,0.0008923471373304681,0.0005101258482556456,1.7492686175025487,20307,26571,False,False,False
santander,orig_apr,580,0.192237923922086,0.19429373436015576,0.002055810438069766,0.0004963448035712191,4.1418997907868365,22299,26576,True,False,False
santander,orig_apr,585,0.19333202999303467,0.19170198649559964,-0.0016300434974350353,0.0004900372635030961,-3.3263664191217908,22887,27093,True,False,False
santander,orig_apr,590,0.19085912323301293,0.18953983146099215,-0.0013192917720207809,0.0004826302304946966,-2.733545660139244,23734,27648,True,False,False
santander,orig_apr,595,0.1877932185363493,0.18806593827259757,0.0002727197362482614,0.0004758814952555434,0.5730832969283955,24868,28049,False,False,False
santander,orig_apr,600,0.18645271508877737,0.18420292441183495,-0.0022497906769424203,0.0004742552647437976,-4.743839118281171,26571,26843,True,False,False
santander,orig_apr,605,0.18234555753700085,0.18181727592583796,-0.0005282816111628896,0.00048012367472259984,-1.1003031905646268,26576,25794,False,False,False
santander,orig_apr,610,0.17971688244763193,0.18037088125976355,0.0006539988121316287,0.00048343031165782614,1.3528295523896143,27093,24767,True,False,False
santander,orig_apr,615,0.17814863934922395,0.17964071884341248,0.0014920794941885307,0.00048647727845965147,3.067110346680424,27648,23796,False,False,False
santander,orig_apr,620,0.17734756048683373,0.17859593393121695,0.0012483734443832217,0.0005002562557210544,2.495467932897418,28049,21346,False,False,False
santander,orig_apr,625,0.17721260932044913,0.17624347222002668,-0.0009691371004224569,0.0005251657041242932,-1.8453929737062325,26843,19082,False,False,False
santander,orig_apr,630,0.17516189433837198,0.17397704053108476,-0.0011848538072872228,0.000550326333606176,-2.1530022005727365,25794,17384,False,False,False
santander,orig_apr,635,0.17320259870744714,0.17056377417012497,-0.002638824537322171,0.0005838271346941541,-4.519873059179675,24767,15534,True,False,False
santander,orig_apr,640,0.1685252130017368,0.17296073632260958,0.00443552332087277,0.0006321584855646831,7.016473593501929,23796,13389,True,False,False
santander,orig_apr,645,0.16998975062937535,0.1686624179618175,-0.0013273326675578567,0.0006795816885315834,-1.9531613196139985,21346,11924,False,False,False
santander,orig_apr,650,0.16757814979871186,0.16631393957677085,-0.001264210221941009,0.0007220614467683036,-1.7508346797896148,19082,11048,False,False,False
santander,orig_apr,655,0.16508832586702013,0.16390521980643272,-0.0011831060605874133,0.0007735063698632126,-1.5295362865552542,17384,9952,False,False,False
santander,orig_apr,660,0.1609509819427626,0.16433487137347802,0.003383889430715409,0.00083281201757679,4.063209174816446,15534,8940,True,False,False
santander,orig_apr,665,0.16127059436320124,0.1586898387278123,-0.002580755635388926,0.0008981253790773122,-2.8734914918452272,13389,8052,True,False,False
santander,orig_apr,670,0.15982872767723172,0.1552506151767,-0.0045781125005317225,0.0009481255380221244,-4.828593173518012,11924,7491,True,False,False
santander,orig_apr,675,0.15774630325869035,0.15182999164816294,-0.005916311610527414,0.0009793244777071305,-6.041216925751857,11048,7124,True,True,False
santander,orig_apr,680,0.14999851657196717,0.1590893186234598,0.009090802051492625,0.0010269550276827924,8.852190998085854,9952,6614,True,True,False
santander,orig_apr,685,0.15186506955670143,0.15648638981190285,0.004621320255201428,0.0010837528291900611,4.264182875218102,8940,6122,True,False,False
santander,orig_apr,690,0.15241161901224795,0.1510739012886516,-0.0013377177235963378,0.001139616783632066,-1.1738311885271693,8052,5734,False,False,False
santander,orig_apr,695,0.14718269181295637,0.14856196734373694,0.0013792755307805715,0.0011853200724629405,1.1636312948911907,7491,5375,False,False,False
santander,orig_apr,700,0.14636144245823035,0.1390748761674314,-0.0072865662907989626,0.0012466492872325093,-5.8449207531131115,7124,4853,True,True,False
santander,orig_apr,705,0.1372653385093908,0.13911052067303703,0.0018451821636462362,0.0012905450831232476,1.4297696281796772,6614,4604,False,False,False
santander,orig_apr,710,0.13700666297726968,0.1343098863454161,-0.0026967766318535813,0.001330904353705589,-2.026273807238697,6122,4381,True,False,False
santander,orig_apr,715,0.13090798085162997,0.13498409069569314,0.004076109844063175,0.0013877200969810535,2.937270889807418,5734,4014,True,False,False
santander,orig_apr,720,0.1333310735704083,0.12437045525018864,-0.00896061832021966,0.0014381138838749465,-6.230812747649438,5375,3814,True,True,False
santander,orig_apr,725,0.11933406548803759,0.13148802236843815,0.012153956880400565,0.0015016990383039965,8.093470509328634,4853,3552,True,True,False
santander,orig_apr,730,0.12042822635697718,0.12872307413054712,0.008294847773569938,0.0015619649221252081,5.310521162206367,4604,3258,True,True,False
santander,orig_apr,735,0.12680669970642766,0.11546733380365501,-0.011339365902772652,0.0016559141651651978,-6.847798117386967,4381,2819,True,True,False
santander,orig_apr,740,0.11191237059297018,0.12108968363070918,0.009177313037738999,0.0017014452623216687,5.393833842892073,4014,2738,True,True,False
santander,orig_apr,745,0.11054186764820904,0.11225253643504617,0.0017106687868371218,0.0017818185942507752,0.9600689948779153,3814,2378,False,False,False
santander,orig_apr,750,0.1059425533405664,0.10031283175925067,-0.005629721581315736,0.0018124568817760062,-3.1061271790362452,3552,2260,True,True,False
santander,orig_apr,755,0.09606168810000436,0.09760532291648578,0.0015436348164814262,0.0018765721408953964,0.8225821874052169,3258,2043,False,False,False
santander,orig_apr,760,0.08881016376038763,0.09128441729716445,0.002474253536776827,0.0019096764379064588,1.2956401868210214,2819,2029,False,False,False
santander,orig_apr,765,0.08775031455785184,0.08272960311335198,-0.005020711444499865,0.0019445753741137806,-2.581906318127679,2738,1877,True,False,False
santander,orig_apr,770,0.0791350243147805,0.08513339785891189,0.00599837354413138,0.001979599833250453,3.030093983329046,2378,1869,True,True,False
santander,orig_apr,775,0.07989398860054023,0.08201453458122286,0.0021205459806826338,0.0020217850512766564,1.0488483824448176,2260,1699,False,False,False
santander,orig_apr,780,0.07816102380201406,0.08106663198566587,0.002905608183651806,0.002053220326470289,1.4151468043601856,2043,1684,False,False,False
santander,orig_apr,785,0.07862879893528296,0.07506774165406,-0.003561057281222968,0.0020646667264141933,-1.724761306832134,2029,1575,False,False,False
santander,orig_apr,790,0.07473852561078377,0.07397522472702144,-0.0007633008837623356,0.0020547648804028814,-0.3714784552929841,1877,1585,False,False,False
santander,orig_apr,795,0.0708697163914754,0.07193443422923536,0.0010647178377599514,0.002036884216417187,0.5227188807190796,1869,1482,False,False,False
santander,orig_apr,800,0.06801838556464156,0.07108909317528904,0.003070707610647483,0.0020327250066486664,1.5106360184499958,1699,1503,False,False,False
santander,orig_apr,805,0.06803604928392144,0.06387641865042405,-0.004159630633497391,0.002020515392031384,-2.0586978203196886,1684,1396,False,False,False
santander,orig_apr,810,0.06262891366954784,0.061349846967545814,-0.0012790667020020283,0.0020070657093374084,-0.6372819265714454,1575,1384,False,False,False
santander,orig_amount,480,23639.385541029227,23086.653892319297,-552.7316487099306,248.63870507040943,-2.2230314003341043,2159,4982,False,False,False
santander,orig_amount,485,22976.980558418945,23940.370696721704,963.3901383027587,228.13607070581043,4.222875125893987,2516,5840,True,False,False
santander,orig_amount,490,23418.72808140402,24134.702258433295,715.9741770292749,211.08503666152527,3.391875560451682,2972,6779,True,False,False
santander,orig_amount,495,23839.25618601866,24279.417273375413,440.1610873567515,194.1985985646196,2.266551306807129,3519,8057,True,False,False
santander,orig_amount,500,24593.137561951182,23861.52200846394,-731.6155534872414,180.85416270750474,-4.045334332008064,4295,8871,True,False,False
santander,orig_amount,505,24333.081692196916,24258.919755323157,-74.16193687375926,169.12304896350017,-0.43850875045284193,4982,9819,False,False,False
santander,orig_amount,510,24076.726049154393,24455.013997702456,378.28794854806256,158.09005472618549,2.3928636700345467,5840,10768,False,False,False
santander,orig_amount,515,24465.722788596886,24475.881850131886,10.159061534999637,148.6147036845322,0.06835838771757408,6779,12213,False,False,False
santander,orig_amount,520,24913.695815000417,24283.3593061371,-630.3365088633182,140.85813352991678,-4.474974167746169,8057,13023,True,False,False
santander,orig_amount,525,24516.577796870966,24976.45520561236,459.8774087413949,134.53079784889675,3.4183801485955896,8871,14232,True,False,False
santander,orig_amount,530,24776.411575513535,25469.96511790295,693.5535423894144,129.5524346309934,5.353458191386953,9819,15373,True,False,False
santander,orig_amount,535,25539.14265051037,25370.236946397345,-168.90570411302542,124.37591997895665,-1.3580257668976667,10768,17281,False,False,False
santander,orig_amount,540,25744.87431931831,25475.61521290642,-269.25910641188966,119.55260527439756,-2.2522228252064034,12213,18040,False,False,False
santander,orig_amount,545,25724.690986300848,25647.505264871543,-77.18572142930498,116.25849606136842,-0.6639146732859986,13023,19217,False,False,False
santander,orig_amount,550,25836.991255205852,25841.932392013103,4.941136807250587,112.58132617060416,0.04388948838427127,14232,20307,False,False,False
santander,orig_amount,555,26024.874182325228,25854.79741386251,-170.07676846271715,108.79051050931353,-1.5633419465216767,15373,22299,True,False,False
santander,orig_amount,560,26119.491892010396,26008.159014603454,-111.3328774069414,105.46308042766461,-1.0556573632732338,17281,22887,False,False,False
santander,orig_amount,565,26242.63779451168,26136.85754862958,-105.78024588209882,104.53567574541361,-1.0119056975315894,18040,23734,False,False,False
santander,orig_amount,570,26166.164317009298,26444.164530956383,278.0002139470853,102.25715264691641,2.7186383226119335,19217,24868,True,False,False
santander,orig_amount,575,26498.61427841188,26581.556809423055,82.94253101117647,99.71232041377266,0.8318182815021534,20307,26571,False,False,False
santander,orig_amount,580,26708.817795011466,26675.249793477924,-33.568001533541974,97.9129090288084,-0.3428352999262379,22299,26576,False,False,False
santander,orig_amount,585,26762.177615853878,26902.605438568702,140.4278227148243,97.21594949125264,1.4444936602451204,22887,27093,False,False,False
santander,orig_amount,590,26944.05828916204,26994.954692421554,50.896403259514045,96.1455707828458,0.5293681533647407,23734,27648,False,False,False
santander,orig_amount,595,27166.25347904508,26915.91146716092,-250.34201188416046,94.90710132529931,-2.6377584858070784,24868,28049,True,False,False
santander,orig_amount,600,27311.425192312752,26985.510293296047,-325.914899016705,94.55473337804293,-3.446838538623467,26571,26843,True,False,False
santander,orig_amount,605,27288.993218298805,27130.984918268612,-158.0083000301929,96.07397970370599,-1.644652386811638,26576,25794,True,False,False
santander,orig_amount,610,27414.65423643822,27441.092207588208,26.437971149989608,97.52731494409026,0.27108273374639474,27093,24767,False,False,False
santander,orig_amount,615,27632.547534251575,27738.563021787108,106.01548753553288,99.22841033275353,1.0683985280024089,27648,23796,False,False,False
santander,orig_amount,620,28026.699773564393,27933.707808611896,-92.99196495249635,103.49472245337749,-0.8985189075161543,28049,21346,False,False,False
santander,orig_amount,625,28267.583976520797,28275.021703590905,7.43772707010794,109.21618402835036,0.06810096082625679,26843,19082,False,False,False
santander,orig_amount,630,28438.667227627815,29132.557605073893,693.8903774460778,114.93095609111802,6.037454146783195,25794,17384,True,False,False
santander,orig_amount,635,29139.40902314982,29203.108261212958,63.69923806313818,121.53609435682529,0.5241178630943962,24767,15534,False,False,False
santander,orig_amount,640,29690.881093087082,28809.067800801397,-881.8132922856857,129.6034371157098,-6.803934462775119,23796,13389,True,False,False
santander,orig_amount,645,29259.974509269654,29019.172364698337,-240.8021445713166,139.36857116506883,-1.7278080887125502,21346,11924,False,False,False
santander,orig_amount,650,29028.820355351156,29092.628701873215,63.808346522058855,147.7271037093666,0.4319339167956158,19082,11048,False,False,False
santander,orig_amount,655,29259.95685329808,28986.662117584445,-273.2947357136363,156.66750099734028,-1.7444251933161046,17384,9952,True,False,False
santander,orig_amount,660,28870.472431504455,29588.526350189866,718.0539186854112,169.0319689203112,4.248036174884363,15534,8940,True,False,False
santander,orig_amount,665,29518.080043632737,29664.93616351986,146.85611988712117,181.13497244249214,0.8107551949071898,13389,8052,False,False,False
santander,orig_amount,670,29834.447146797567,29748.64305138485,-85.80409541271729,190.70868358261805,-0.4499223307550418,11924,7491,False,False,False
santander,orig_amount,675,29910.5093922597,29694.352530717308,-216.15686154239302,197.63893063702426,-1.093695765534059,11048,7124,False,False,False
santander,orig_amount,680,29983.758481946734,29521.96093834331,-461.79754360342486,207.4053132378567,-2.226546352136244,9952,6614,True,False,False
santander,orig_amount,685,29816.572481113286,29681.922382299876,-134.6500988134103,219.5455897067779,-0.6133127019005353,8940,6122,False,False,False
santander,orig_amount,690,30130.393440971606,29542.080701298964,-588.3127396726413,231.41601688878947,-2.5422299959270496,8052,5734,True,False,False
santander,orig_amount,695,30254.576304880535,29870.078277141216,-384.4980277393188,242.9639193716899,-1.5825313846337317,7491,5375,False,False,False
santander,orig_amount,700,29967.441337312444,30668.13461725848,700.6932799460374,257.17595263687,2.724567646242608,7124,4853,True,False,False
santander,orig_amount,705,30450.658471443094,31114.17605715975,663.5175857166578,268.7988884763634,2.4684536066264413,6614,4604,True,False,False
santander,orig_amount,710,31088.091528360812,30969.07164583508,-119.0198825257321,277.56978715918365,-0.42879264254173066,6122,4381,False,False,False
santander,orig_amount,715,31169.885854421245,30539.042908443727,-630.842945977518,290.1413510570562,-2.1742607307755413,5734,4014,False,False,False
santander,orig_amount,720,30582.717876438965,31285.6434134841,702.9255370451356,301.1208125061741,2.3343638428536817,5375,3814,False,False,False
santander,orig_amount,725,31220.203946186088,31121.175409386182,-99.02853679990585,315.54175947569104,-0.31383654881196443,4853,3552,False,False,False
santander,orig_amount,730,31861.91135569044,30733.934766156253,-1127.976589534188,330.53452032094924,-3.4125833163777326,4604,3258,True,False,False
santander,orig_amount,735,30720.896892038545,31894.627679048124,1173.7307870095792,356.908382201324,3.288605271107093,4381,2819,True,False,False
santander,orig_amount,740,31809.490109332604,31233.082560952807,-576.4075483797969,369.78794179784387,-1.558751606602976,4014,2738,False,False,False
santander,orig_amount,745,31926.87309787279,31948.583060116347,21.70996224355622,395.6312752516372,0.054874231643461,3814,2378,False,False,False
santander,orig_amount,750,32596.64317073388,33331.223419971495,734.5802492376133,408.92917339137864,1.7963508036012876,3552,2260,False,False,False
santander,orig_amount,755,33709.54115428813,33603.372078892,-106.16907539612293,430.6512920270656,-0.24653142196877564,3258,2043,False,False,False
santander,orig_amount,760,34861.988895248716,33382.636131377454,-1479.3527638712621,447.4281706036993,-3.306346942516433,2819,2029,True,True,False
santander,orig_amount,765,33790.93780639598,34729.21182813129,938.2740217353057,466.29179303621953,2.012203593860861,2738,1877,False,False,False
santander,orig_amount,770,34802.96389651907,34075.450793762015,-727.5131027570533,486.3718247733229,-1.4957961495736642,2378,1869,True,False,False
santander,orig_amount,775,34821.42784339024,34531.83794868642,-289.58989470381493,517.2670049031013,-0.5598460600789011,2260,1699,False,False,False
santander,orig_amount,780,34320.960620900136,35365.30873952537,1044.348118625232,537.7215130441816,1.9421728409430843,2043,1684,True,False,False
santander,orig_amount,785,34580.79083083126,35645.79323968185,1065.0024088505888,554.5026850338974,1.920644277467266,2029,1575,True,False,False
santander,orig_amount,790,35781.58048544488,35077.03754769183,-704.5429377530527,563.0489796944609,-1.2512995550322703,1877,1585,False,False,False
santander,orig_amount,795,35949.33094900511,33912.65148252024,-2036.6794664848712,567.2201782140654,-3.590632958258831,1869,1482,True,True,False
santander,orig_amount,800,34568.157476289736,34822.32995718511,254.17248089537316,570.8653242828161,0.4452407075428738,1699,1503,False,False,False
santander,orig_amount,805,34746.04733168063,35111.1618953642,365.11456368357176,572.3537882008754,0.6379176153114405,1684,1396,False,False,False
santander,orig_amount,810,34612.94112918738,35100.100810242286,487.159681054909,577.1658939232949,0.8440548656529804,1575,1384,False,False,False
toyota,orig_apr,650,0.09304750163361679,0.08246892096467937,-0.010578580668937423,0.001326156625128484,-7.976871259767317,1424,2890,True,True,False
toyota,orig_apr,655,0.08070387708069335,0.08190008065157611,0.0011962035708827645,0.001088258647750894,1.0991905034294562,1786,3140,False,False,False
toyota,orig_apr,660,0.07612443026878904,0.08165650987233895,0.005532079603549914,0.000966099646746467,5.726199799555142,1968,3497,True,True,False
toyota,orig_apr,665,0.07698396111580633,0.07782171822484318,0.0008377571090368574,0.0008768039568845134,0.9554668434818675,2186,3836,False,False,False
toyota,orig_apr,670,0.07690087356186504,0.07463808245102364,-0.0022627911108413917,0.0007900726597250549,-2.8640291281928962,2440,4571,False,False,False
toyota,orig_apr,675,0.07267634003694629,0.07445805721449418,0.0017817171775478952,0.0006854032621001774,2.5995166292154037,2890,5153,False,False,False
toyota,orig_apr,680,0.07101003803701583,0.07291090395000266,0.0019008659129868266,0.0006281175292650111,3.0262901836398615,3140,5716,False,False,False
toyota,orig_apr,685,0.0706190463112585,0.06929561211236755,-0.0013234341988909437,0.00056982769023194,-2.3225164757301617,3497,6261,False,False,False
toyota,orig_apr,690,0.07120528807119385,0.06270809703834063,-0.008497191032853221,0.0005274708749247448,-16.10930846952551,3836,6842,True,True,False
toyota,orig_apr,695,0.06231042333930157,0.06201029082209465,-0.00030013251720691775,0.0004670906867674715,-0.642557271445514,4571,7014,False,False,False
toyota,orig_apr,700,0.05930637731950221,0.06105708842961813,0.0017507111101159184,0.0004285702077427493,4.085004226814545,5153,7396,True,False,False
toyota,orig_apr,705,0.058882128043267846,0.06061018688833451,0.00172805884506666,0.00040007372062793783,4.31935104948752,5716,7759,False,False,False
toyota,orig_apr,710,0.0597501009417378,0.06060896684666143,0.0008588659049236294,0.00037632774110632375,2.2822285234640045,6261,8218,False,False,False
toyota,orig_apr,715,0.06029464408460487,0.06029032697070891,-4.317113895965785e-06,0.00035926436574810285,-0.01201653798025913,6842,8436,False,False,False
toyota,orig_apr,720,0.059608160372305055,0.060719112715270286,0.001110952342965231,0.0003494975403770182,3.178712908156087,7014,8771,True,False,False
toyota,orig_apr,725,0.05954145035929035,0.06089715220058254,0.0013557018412921895,0.0003399228120644556,3.988263785706514,7396,8668,True,False,False
toyota,orig_apr,730,0.06089056742189898,0.05925139502406694,-0.0016391723978320394,0.0003292923111749825,-4.977864171754075,7759,8789,True,False,False
toyota,orig_apr,735,0.05965956410596712,0.059290018788898044,-0.00036954531706907823,0.00032165318550877455,-1.14889369581262,8218,8515,False,False,False
toyota,orig_apr,740,0.059141851481309765,0.05893480043881814,-0.00020705104249162803,0.0003124170456457819,-0.6627392627173815,8436,8845,False,False,False
toyota,orig_apr,745,0.058881748797309084,0.05827031152897381,-0.000611437268335277,0.0003071784131740893,-1.9904955625535867,8771,8581,True,False,False
toyota,orig_apr,750,0.05795123243897535,0.058379832647466275,0.0004286002084909271,0.00030243074671710554,1.417184638610309,8668,8796,True,False,False
toyota,orig_apr,755,0.05803777514074155,0.05798478351190764,-5.2991628833910787e-05,0.0003003851383083359,-0.1764122856821117,8789,8475,False,False,False
toyota,orig_apr,760,0.057887624056403214,0.05779886133127189,-8.876272513132222e-05,0.00029683201975733034,-0.29903352476558487,8515,8764,False,False,False
toyota,orig_apr,765,0.05759906799092353,0.05708851389400642,-0.0005105540969171096,0.0002936268432747876,-1.7387854980251685,8845,8288,False,False,False
toyota,orig_apr,770,0.05676155081780573,0.05681741893593597,5.5868118130242284e-05,0.000290326390242697,0.19243210403139582,8581,8633,False,False,False
toyota,orig_apr,775,0.0561003444159921,0.055994193212662434,-0.00010615120332966438,0.0002884111187181811,-0.36805516999984067,8796,8406,False,False,False
toyota,orig_apr,780,0.05492154027697189,0.05589281176836995,0.0009712714913980638,0.00028685913262429505,3.385883107546577,8475,8763,True,False,False
toyota,orig_apr,785,0.05522767108446644,0.05512777883889178,-9.989224557466203e-05,0.0002859403056339451,-0.34934650207215634,8764,8500,False,False,False
toyota,orig_apr,790,0.054988594862197156,0.0549870897778022,-1.5050843949551695e-06,0.0002862744974175986,-0.005257486812594594,8288,8940,False,False,False
toyota,orig_apr,795,0.05480786906822474,0.05503738332271481,0.00022951425449006801,0.00028567024768667154,0.803423724901879,8633,8631,False,False,False
toyota,orig_apr,800,0.054954708642397564,0.05467178500034727,-0.0002829236420502923,0.0002851399821490231,-0.9922271858122919,8406,8851,False,False,False
toyota,orig_apr,805,0.054622150362008424,0.05432082548763722,-0.00030132487437120603,0.0002832757574168995,-1.0637157133349167,8763,8554,False,False,False
toyota,orig_apr,810,0.054117192867959484,0.05413391533838275,1.6722470423266578e-05,0.00028201244221786383,0.0592969242482852,8500,8921,False,False,False
toyota,orig_apr,815,0.053383865035194135,0.05419177779681567,0.0008079127616215376,0.0002804234944544182,2.8810451962785195,8940,8479,True,False,False
toyota,orig_apr,820,0.05361867213857176,0.05353921647052918,-7.94556680425787e-05,0.00027990638014254446,-0.28386515520694916,8631,8700,False,False,False
toyota,orig_apr,825,0.05343880503507774,0.05273101619886005,-0.0007077888362176862,0.00028134452505115614,-2.5157370170576123,8851,8233,False,False,False
toyota,orig_apr,830,0.05283684613080946,0.05220711116328292,-0.0006297349675265379,0.00028200723062710755,-2.2330454652746963,8554,8371,False,False,False
toyota,orig_apr,835,0.05199782762037404,0.05215679275719857,0.0001589651368245279,0.00028275424911118976,0.5622024684835655,8921,7904,False,False,False
toyota,orig_apr,840,0.05147872962887397,0.052574788226713666,0.0010960585978396983,0.00028857403621132034,3.798188541941673,8479,7575,True,False,False
toyota,orig_apr,845,0.05255565009187624,0.05200592736343561,-0.0005497227284406297,0.0002899325299723331,-1.896036738247644,8700,7079,False,False,False
toyota,orig_apr,850,0.05271456007788215,0.05205078894720318,-0.0006637711306789751,0.0002960125145863263,-2.2423752306776175,8233,6722,False,False,False
toyota,orig_apr,855,0.052344872199893464,0.05238009795510341,3.522575520994303e-05,0.0003039542694033723,0.11589162830016236,8371,5849,False,False,False
toyota,orig_apr,860,0.052282599546849814,0.052678023542068776,0.0003954239952189617,0.0003196317033632242,1.237123824258473,7904,4977,False,False,False
toyota,orig_apr,865,0.052726941364253196,0.05189853352450994,-0.0008284078397432573,0.00033707526454242745,-2.4576346201724517,7575,4283,True,False,False
toyota,orig_apr,870,0.05218756736654953,0.05205206721694775,-0.00013550014960177909,0.0003760656581207943,-0.3603098200427961,7079,3199,False,False,False
toyota,orig_apr,875,0.051889804155165246,0.05175787714507069,-0.0001319270100945541,0.00042623266026906096,-0.3095187731772471,6722,2321,False,False,False
toyota,orig_apr,880,0.05110582649166259,0.0522075058442863,0.0011016793526237093,0.000507756503600749,2.169700131482637,5849,1555,False,False,False
toyota,orig_amount,650,41340.43699069116,40374.00949696544,-966.4274937257214,477.8381607799947,-2.0224996098013235,1424,2890,False,False,False
toyota,orig_amount,655,40750.395040019124,39514.68566172135,-1235.7093782977754,439.4291580207268,-2.8120787065283683,1786,3140,False,False,False
toyota,orig_amount,660,39904.83387226339,39373.424617838355,-531.409254425038,416.255812556419,-1.276641042347033,1968,3497,False,False,False
toyota,orig_amount,665,39194.996094108545,40228.09409498455,1033.0980008760089,394.41254582082286,2.6193335172084855,2186,3836,False,False,False
toyota,orig_amount,670,39779.27049001599,40319.3632414801,540.0927514641153,370.4250871071317,1.4580350258726227,2440,4571,False,False,False
toyota,orig_amount,675,40824.992570291346,39513.02625179233,-1311.9663184990131,345.87050825459545,-3.7932297989780444,2890,5153,True,False,False
toyota,orig_amount,680,39250.23776710482,40122.6764576918,872.438690586976,327.3274433981986,2.6653392747324323,3140,5716,True,False,False
toyota,orig_amount,685,39632.45258064882,39516.4460732995,-116.00650734931696,311.795964346802,-0.3720590405727193,3497,6261,False,False,False
toyota,orig_amount,690,39754.970788138155,39048.543722231596,-706.4270659065587,298.14094159438054,-2.369439977377041,3836,6842,True,False,False
toyota,orig_amount,695,39076.23687854862,38901.23594942684,-175.00092912177934,278.7493138013457,-0.6278075692286583,4571,7014,False,False,False
toyota,orig_amount,700,38749.229562090266,39224.05796064209,474.828398551821,265.4266121043807,1.788925363539251,5153,7396,False,False,False
toyota,orig_amount,705,39054.31921878515,38852.35727322689,-201.96194555826514,254.53669570445294,-0.793449231354707,5716,7759,False,False,False
toyota,orig_amount,710,38654.727709414336,38736.216230818754,81.48852140441886,244.9834456527931,0.3326286851231158,6261,8218,False,False,False
toyota,orig_amount,715,38737.236685172305,38162.74764138732,-574.4890437849826,238.24513952660638,-2.411335840582073,6842,8436,False,False,False
toyota,orig_amount,720,37873.35761898063,38130.73349375268,257.37587477204943,234.99000842738337,1.0952630560528012,7014,8771,False,False,False
toyota,orig_amount,725,37776.536292039986,38145.95355767814,369.4172656381561,232.7638821970973,1.5870901539842204,7396,8668,False,False,False
toyota,orig_amount,730,38180.49352315009,38116.69615516362,-63.797367986473546,229.88223529623264,-0.2775219577287583,7759,8789,False,False,False
toyota,orig_amount,735,38363.81424070037,38027.57065831382,-336.2435823865453,228.70786152065776,-1.4701881262449499,8218,8515,False,False,False
toyota,orig_amount,740,38083.14664165695,37981.70861942887,-101.43802222808154,225.26717329373105,-0.4503009503999687,8436,8845,False,False,False
toyota,orig_amount,745,37630.95837337168,37284.36288013721,-346.59549323446845,224.98723809834945,-1.54051179153086,8771,8581,False,False,False
toyota,orig_amount,750,37195.294673484386,36530.72547749365,-664.5691959907344,224.28652156636016,-2.963036705681428,8668,8796,False,False,False
toyota,orig_amount,755,36215.34887376364,36487.83156613722,272.48269237357454,225.01007416227895,1.2109799678438307,8789,8475,False,False,False
toyota,orig_amount,760,35996.6922888146,36647.67233744042,650.9800486258173,224.71536527994485,2.896909376067108,8515,8764,False,False,False
toyota,orig_amount,765,36289.45953201301,36770.445707087485,480.9861750744749,225.84568595992533,2.129711590593864,8845,8288,False,False,False
toyota,orig_amount,770,36763.257866085165,36486.48048605435,-276.7773800308132,225.5998401815743,-1.2268509579086961,8581,8633,False,False,False
toyota,orig_amount,775,36510.90761585379,36341.58084316135,-169.32677269243868,226.20399199959596,-0.7485578446057712,8796,8406,False,False,False
toyota,orig_amount,780,36305.88402955738,35958.51439966387,-347.36962989351014,226.44074709607807,-1.5340420588972987,8475,8763,False,False,False
toyota,orig_amount,785,36000.68689664951,35904.317672382516,-96.36922426699311,227.01711823365576,-0.42450201560485745,8764,8500,False,False,False
toyota,orig_amount,790,35624.1191361285,36084.34775543073,460.2286193022301,227.88360831969783,2.019577549678674,8288,8940,True,False,False
toyota,orig_amount,795,35826.50240751039,35870.81183012155,44.30942261116434,228.3373325285625,0.19405246667503095,8633,8631,False,False,False
toyota,orig_amount,800,35422.04412106914,36170.90654233185,748.862421262711,228.67357580493265,3.2748095997830524,8406,8851,True,False,False
toyota,orig_amount,805,35687.813137803096,35756.469101287104,68.65596348400868,228.5194916216027,0.3004381070376861,8763,8554,False,False,False
toyota,orig_amount,810,36115.04537574125,35102.23727940441,-1012.8080963368338,227.55583986217522,-4.450811268786888,8500,8921,True,False,False
toyota,orig_amount,815,35306.654538950344,35177.61622412155,-129.03831482879468,226.38665018185662,-0.5699908308424462,8940,8479,False,False,False
toyota,orig_amount,820,34829.9568312299,35271.38580870002,441.4289774701174,225.77537906166964,1.9551688023056881,8631,8700,False,False,False
toyota,orig_amount,825,35198.86976168383,35068.93652965094,-129.93323203289037,226.2303939881713,-0.5743402985881909,8851,8233,False,False,False
toyota,orig_amount,830,34686.465206247834,35259.1268669213,572.6616606734678,226.1887865311432,2.531786254552544,8554,8371,True,False,False
toyota,orig_amount,835,35210.35723176605,35235.432948607115,25.075716841063695,226.60039136291434,0.11066051867890822,8921,7904,False,False,False
toyota,orig_amount,840,35465.32188347415,35295.11210137825,-170.20978209590248,231.631469385096,-0.7348301271314838,8479,7575,False,False,False
toyota,orig_amount,845,35009.10362223392,35802.737326089635,793.6337038557176,234.2513093158323,3.3879584544208075,8700,7079,True,False,False
toyota,orig_amount,850,35472.92801883177,35382.37947950025,-90.54853933152481,239.5740223616307,-0.3779564179744169,8233,6722,False,False,False
toyota,orig_amount,855,35253.30872648898,34762.05017385771,-491.2585526312687,246.15162575554945,-1.9957558725170976,8371,5849,False,False,False
toyota,orig_amount,860,34934.895279554876,34029.5736637435,-905.3216158113792,259.1888525170792,-3.492903367638942,7904,4977,True,False,False
toyota,orig_amount,865,34542.360663613355,33979.7940287545,-562.5666348588566,271.94942266320356,-2.068644343310736,7575,4283,True,False,False
toyota,orig_amount,870,34140.947274585706,34938.2236988971,797.2764243113925,305.22716650037694,2.6120755680192964,7079,3199,False,False,False
toyota,orig_amount,875,34710.00634480139,35293.35535807557,583.349013274179,348.66850683252716,1.6730762940811683,6722,2321,False,False,False
toyota,orig_amount,880,35125.00000577091,34666.868356193474,-458.1316495774372,405.0500988228525,-1.1310493465100964,5849,1555,False,False,False
